-- --------------------------------------------------------
-- Host:                         192.168.1.200
-- Server version:               10.2.9-MariaDB - MariaDB Server
-- Server OS:                    Linux
-- HeidiSQL Version:             9.4.0.5125
-- --------------------------------------------------------

/*!40101 SET @OLD_CHARACTER_SET_CLIENT=@@CHARACTER_SET_CLIENT */;
/*!40101 SET NAMES utf8 */;
/*!50503 SET NAMES utf8mb4 */;
/*!40014 SET @OLD_FOREIGN_KEY_CHECKS=@@FOREIGN_KEY_CHECKS, FOREIGN_KEY_CHECKS=0 */;
/*!40101 SET @OLD_SQL_MODE=@@SQL_MODE, SQL_MODE='NO_AUTO_VALUE_ON_ZERO' */;

-- Dumping structure for table cloudpad.note
CREATE TABLE IF NOT EXISTS `note` (
  `id` varchar(45) NOT NULL,
  `workspaceId` varchar(45) NOT NULL,
  `categoryId` varchar(45) NOT NULL,
  `usrId` int(10) unsigned NOT NULL,
  `createdStamp` int(10) NOT NULL,
  `modifiedStamp` int(10) unsigned NOT NULL,
  `notes` text DEFAULT NULL,
  `deleted` smallint(5) unsigned NOT NULL DEFAULT 0 COMMENT 'Set to 1 when deleted',
  `title` varchar(2000) NOT NULL COMMENT 'The title of the note',
  `noteType` enum('PlainText','Code','Credentials','WYSIWYG','Markdown','Location','Birthday') NOT NULL DEFAULT 'PlainText' COMMENT 'The type of note',
  `codeLanguage` varchar(255) DEFAULT NULL COMMENT 'The type of language being used if the note is of Code type',
  `keywords` varchar(2000) DEFAULT NULL COMMENT 'A hash separated list of keywords to aid in searching this note',
  PRIMARY KEY (`id`),
  KEY `idxNoteUsrId` (`usrId`),
  KEY `idxNoteUsrIdDone` (`usrId`,`deleted`),
  KEY `idxNoteWorkspaceIdDone` (`workspaceId`,`deleted`),
  KEY `fk_note_category_idx` (`categoryId`),
  CONSTRAINT `fk_note_category` FOREIGN KEY (`categoryId`) REFERENCES `note_category` (`id`) ON UPDATE NO ACTION
) ENGINE=InnoDB DEFAULT CHARSET=utf8mb4;

-- Dumping data for table cloudpad.note: ~21 rows (approximately)
/*!40000 ALTER TABLE `note` DISABLE KEYS */;
INSERT INTO `note` (`id`, `workspaceId`, `categoryId`, `usrId`, `createdStamp`, `modifiedStamp`, `notes`, `deleted`, `title`, `noteType`, `codeLanguage`, `keywords`) VALUES
	('9179BBD2:1509816679189', '873784ED:1504129579796', '9179BBD2:1509815544900', 39, 1509816743, 1510265875, 'Birthday 12th of November (Sunday this year)\nLikes:  IPA beers and "Scottish Beers" of the 40% variety.\n\npaul.zero@hotmail.com\n07743 412482\n\n19 Dundalk Street, Barrow-in-Furness, Cumbria, LA14 2RZ', 0, 'Paul Hunt', 'PlainText', '', NULL),
	('9179BBD2:1509880657984', '873784ED:1504129579796', '9179BBD2:1509880645910', 39, 1509880719, 1510265868, '48 Methley Place\nLEEDS\nLS7 3NN', 0, 'House Address LS7 3NN', 'PlainText', '', NULL),
	('9179BBD2:1509880684100', '873784ED:1504129579796', '9179BBD2:1509880645910', 39, 1509880745, 1509880745, 'Home insurance through Admiral:\nP62393544\n\nnycran@gmail.com', 0, 'Home Insurance Policy', 'PlainText', '', NULL),
	('9179BBD2:1509880822473', '873784ED:1504129579796', '9179BBD2:1509815544900', 39, 1509880884, 1509880884, 'Email: libby@libbychapman.com\nEmail: libby@chapmandigital.co.uk\nMobile: +44 7497 359751', 0, 'Libby Chapman', 'PlainText', '', NULL),
	('9179BBD2:1509891881279', '873784ED:1504129579796', '9179BBD2:1509891872174', 39, 1509891943, 1509891943, 'NHS Number: 7144496549', 0, 'NHS', 'PlainText', '', NULL),
	('9179BBD2:1509891902442', '873784ED:1504129579796', '9179BBD2:1509891872174', 39, 1509891964, 1509891964, 'Pin: 4302', 0, 'Coinbase', 'PlainText', '', NULL),
	('9179BBD2:1509891971331', 'GxAvUG0BTq:1496046639003', '9179BBD2:1509891938165', 39, 1509892036, 1509892036, 'private function getFinalSQL(string $sql, array $params): string\n{\n	foreach ($params as $key => $value) {\n	    if (is_numeric($value)) {\n		$sql = str_replace($key, $value, $sql);\n	    } else {\n		$sql = str_replace($key, "\'" . $value . "\'", $sql);\n	    }\n	}\n\n	return $sql;\n}', 0, 'Get Final SQL Query', 'PlainText', '', NULL),
	('9179BBD2:1509892082337', '873784ED:1504129579796', '9179BBD2:1509891872174', 39, 1509892144, 1509892144, 'Andy\nTFN: 198169691', 0, 'ATO (Australian Taxation Office)', 'PlainText', '', NULL),
	('9179BBD2:1509892144557', '873784ED:1504129579796', '9179BBD2:1509892129499', 39, 1509892206, 1509892206, 'V10\nEnter your Name as: Andrew\nEnter your Order ID as: 1611290979\n\nSSH Login as root with Colour Fruit Year Z\n\nDownload latest version of GoodSync:\nwget https://www.goodsync.com/download/goodsync-linux-armv5_marvell-release.run --no-check-certificate\n(Note, I\'ve placed a copy of this in /mnt/HD/HD_a2 in case the download ever stops working).\n\nRun the installer\n\nsh ./goodsync-linux-armv5_marvell-release.run\n\nUse \n/mnt/HD/HD_a2\nas the installation directory and log directory\n\nUse achapman / mango77z as the GoodSync connect login.\n\nYou will need to start the server manually with:\n/etc/init.d/goodsync-server start\n\nGo to the website on port 11000 \nhttp://chapmancloud:11000/\nand update home directory to\n/mnt/HD/HD_a2', 0, 'Goodsync NAS How To', 'PlainText', '', NULL),
	('9179BBD2:1509892686971', '873784ED:1504129579796', '9179BBD2:1509892670540', 39, 1509892748, 1509892748, 'Tarka Dall\nChana Masalla\nBombay Aloo\nBalti Chicken\nGarlic Naan\nSteamed Rice', 0, 'The Standard Oxford', 'PlainText', '', NULL),
	('9179BBD2:1509916224905', 'GxAvUG0BTq:1496047506920', '9179BBD2:1509916208400', 39, 1509916286, 1509916286, 'Private Sub wvMessage_PageFinished (Url As String)\n    Dim Height As Object\n    js.enginePut("doc",we.RunMethod("getDocument",Null))\n    js.evalString("var height = doc.getElementById(\'message\').clientHeight;") \'get the height of the div\n    Height = js.engineGet("height")\n    If IsNumber(Height) Then wvMessage.PrefHeight = Height + 20\nEnd Sub', 0, 'Webview - Get height of div', 'PlainText', '', NULL),
	('9179BBD2:1509964566196', 'GxAvUG0BTq:1496046639003', '9179BBD2:1509964545465', 39, 1509964626, 1509964626, 'Cineworld tickets - https://zpg.rewardgateway.co.uk/Merchant?m=14052\nVue tickets - https://zpg.rewardgateway.co.uk/Merchant?m=58921\nOdeon tickets - https://zpg.rewardgateway.co.uk/Merchant?m=11185', 0, 'Movie Tickets', 'PlainText', '', NULL),
	('9179BBD2:1509972046541', 'GxAvUG0BTq:1496046639003', '9179BBD2:1509972018303', 39, 1509972106, 1509972106, '\n\n    private function getOptedOutServices(): bool\n    {\n        $optOut = $this->record->emailOptOutPreferences()->toArray();\n\n        if (!array_key_exists(\'services\', $optOut)) {\n            return [];\n        }\n\n        return array_map(function($item) {\n            return new ServiceType($item);\n        }, $optOut[\'services\']);\n    }\n\n    /**\n     * @param ServiceType[] $serviceTypes\n     */\n    private function setOptedOutServices(array $serviceTypes): void\n    {\n        $optOut = $this->record->emailOptOutPreferences()->toArray();\n\n        $optOut[\'services\'] = array_filter(array_map(function($item) {\n            if ($item instanceof ServiceType) {\n                return (string)$item;\n            }\n\n            return null;\n        }, $serviceTypes));\n\n        $this->record->emailOptOutPreferences(new Json($optOut));\n    }\n    \n\n    public function serviceOptOutStatusView(): array\n    {\n        $view = [];\n        \n        $agentBranch = new AgentBranch($this->record->agentBranchId());\n        foreach ($agentBranch->services() as $service) {\n            $view[(string)$service->serviceType()] = $this->hasOptedOutOfService($service->serviceType());\n        }\n\n        return $view;\n    }\n\n\n    /*\n     * Edge Case Note\n     * --------------\n     * During agent service activation we need to be able to ignore the newly added\n     * service when performing this check (because the newly added service will already\n     * be in the agent service list by the time the command is fired).\n     */\n    public function hasOptedOutOfAllServices(ServiceType $ignoreThisService = null): bool\n    {\n        $optOutList = $this->getOptedOutServices();\n        if (empty($optOutList)) {\n            return false;\n        }\n        \n        foreach ($this->serviceOptOutStatusView() as $serviceType => $optOutSetting) {\n            if ($serviceType == (string)$ignoreThisService) {\n                continue;\n            }\n            \n            if ($optOutSetting == false) {\n                return false;\n            }\n        }\n        \n        // If we get this far, then the customer must have a "true" opt out setting\n        // for all currently available services.\n        return true;\n    }\n            \n            \n    public function hasOptedOutOfService(ServiceType $serviceType): bool\n    {\n        $optOutList = $this->getOptedOutServices();\n        if (empty($optOutList)) {\n            return false;\n        }\n        \n        return in_array($serviceType, $optOutList);\n    }\n\n    public function optInToService(ServiceType $serviceType, BasicString $sourceName): DomainEventList\n    {\n        $commandBus = new DomainEventList();\n\n        if (!$this->hasOptedOutOfService($serviceType)) {\n            return $commandBus;\n        }\n\n        $this->setOptedOutServices(array_filter($this->getOptedOutServices(), function($item) use ($serviceType) {\n           if ($item == $serviceType) {\n               return null;\n           }\n\n           return $item;\n        }));\n\n        $commandBus->append(\n            new CustomerServicePreferenceChangedEvent(\n                $this->getId(),\n                $serviceType,\n                new ServicePreferenceType(ServicePreferenceType::OPT_IN)\n            )\n        );\n\n        $commandBus->append(\n            ServiceSubscriptionEventFactory::createSubscribeEvent($this->id(), $serviceType, $sourceName)\n        );\n\n        return $commandBus;\n    }\n\n    public function optOutOfService(ServiceType $serviceType, BasicString $sourceName): DomainEventList\n    {\n        $commandBus = new DomainEventList();\n\n        if ($this->hasOptedOutOfService($serviceType)) {\n            return $commandBus;\n        }\n\n        if (!$this->agentBranch()->hasEnabledService($serviceType)) {\n            throw new \\InvalidArgumentException("Cannot opt out of service $serviceType as the agent branch does not offer it.");\n        }\n\n        $this->setOptedOutServices(array_values(array_merge(\n            $this->getOptedOutServices(),\n            [$serviceType]\n        )));\n\n        $commandBus->append(\n            new CustomerServicePreferenceChangedEvent(\n                $this->getId(),\n                $serviceType,\n                new ServicePreferenceType(ServicePreferenceType::OPT_OUT)\n            )\n        );\n\n        $commandBus->append(\n            ServiceSubscriptionEventFactory::createUnsubscribeEvent($this->id(), $serviceType, $sourceName)\n        );\n\n        return $commandBus;\n    }\n\n    public function optOutOfAllServices(BasicString $sourceName): DomainEventList\n    {\n        $commandBus = new DomainEventList();\n        $servicesOptedOut = false;\n\n        foreach ($this->serviceOptOutStatusView() as $serviceType => $isOptedOut) {\n            if ($isOptedOut) {\n                continue;\n            }\n\n            $servicesOptedOut = true;\n\n            $commandBus->append($this->optOutOfService(new ServiceType($serviceType), $sourceName));\n        }\n\n        if ($servicesOptedOut) {\n            $commandBus->append(new UnsubscribedAllServicesEvent($this->id(), $sourceName));\n        }\n\n        return $commandBus;\n    }    ', 0, 'Customer Services Opt Out', 'PlainText', '', NULL),
	('9179BBD2:1510143211267', '873784ED:1504129579796', '9179BBD2:1510143174342', 39, 1510143263, 1510143263, '13 Hurst Rise Road, Oxford\nOX2 9HE\n\nJohn Lewis Home Insurnace Policy: J00403356K\nEmail: nycran@gmail.com\nPass: m95ir%PEYMF1#K\n\nCouncil Tax\nhttps://www.civicaepay.co.uk/VOWH/Webpay_Public/Webpay/Default.aspx?Fund=57\nhttp://whitehorsedc.gov.uk/counciltax\nAccount Number: 158729416\nRent: £1395\nAmount: £174', 0, 'Council Tax', 'PlainText', '', NULL),
	('9179BBD2:1510153483131', 'GxAvUG0BTq:1496046639003', '9179BBD2:1509891938165', 39, 1510153579, 1516111645, 'sudo moveit_db-restore -t moveit_dev moveit_production\nsudo moveit_db-restore -t moveit_dev moveit_staging\nsudo moveit_db-restore -t moveit_dev moveit_demo\n\n./infrastructure-management/ansible/roles/db-backup-manager/files/moveit_db-restore', 0, 'Download and update to latest database', 'PlainText', '', NULL),
	('9179BBD2:1510153635325', 'GxAvUG0BTq:1496046639003', '9179BBD2:1509891938165', 39, 1510153731, 1510153731, 'cd /var/www/vhosts/core-api/build\n./updatedb.bash -u moveit -d moveit_dev  -p iLiKe2MoveITmoveit!\n', 0, 'Update database using build patches', 'PlainText', '', NULL),
	('9179BBD2:1510410694810', '873784ED:1504129579796', '9179BBD2:1509892129499', 39, 1510410783, 1510410783, '51.15.82.179', 0, 'Scaleway Server', 'PlainText', '', NULL),
	('9179BBD2:1510842603052', '873784ED:1504129579796', '9179BBD2:1509891872174', 39, 1510842725, 1510842725, 'NINo: SS 92 56 76 A\n\nHM Revenue & Customs\nUser ID: 819518008004', 0, 'National Insurance Number', 'PlainText', '', NULL),
	('9179BBD2:1510842753158', '873784ED:1504129579796', '9179BBD2:1509891872174', 39, 1510842874, 1510842874, 'Passport Number: N8964646\nIssue Date: 20/01/2014\nExpiry Date: 20/01/2024', 0, 'Passport (Andy)', 'PlainText', '', NULL),
	('9179BBD2:1510842963797', '873784ED:1504129579796', '9179BBD2:1509891872174', 39, 1510843085, 1510843085, 'Memorable Date: 29/10/1977\nMemorable Name: Libby\nMemorable Place: Anglesea', 0, 'motoring.direct.gov.uk', 'PlainText', '', NULL),
	('9179BBD2:1510843667397', 'GxAvUG0BTq:1496046639003', '9179BBD2:1509891938165', 39, 1510843788, 1510843788, 'cd /vagrant/admin.moveitnetwork.com/web/\nnpm run sass:watch', 0, 'SASS Watch NPM', 'PlainText', '', NULL),
	('9179BBD2:1512747700451', 'GxAvUG0BTq:1496046639003', '9179BBD2:1512747691652', 39, 1512747884, 1512747884, '/system/status', 0, 'System status URL', 'PlainText', '', NULL),
	('9179BBD2:1512901353519', '873784ED:1504129579796', '9179BBD2:1509892129499', 39, 1512901539, 1512901539, 'Username: 0390174043\nSIP Password: SObUKokb\nProxy address: syd.byo.engin.com.au\nPhone passcode: 430205\n\nEngin Portal Login\nUsername: 90017581\nPass: mango77z', 0, 'Engin Login Details', 'PlainText', '', NULL),
	('9179BBD2:1513162141277', 'GxAvUG0BTq:1496046639003', '9179BBD2:1513162128155', 39, 1513162343, 1513162343, 'Merge staging into master\nPush master up to github\nJenkins will build stable package when it detects a change to the master branch\nssh management-node\nUse ansible to update management node\nScript is run twice (first time will update management node, second time will ensure any changes made to infrastructure will run properly)\nDeploy demo first (for no particular reason).  Sales people use this server so it is important.\nThen do production - -use-value-pass  --ask-value-pass for GPG keys (use ctrl R).  I need to know what the vault password is;\nCommand line migrations have to be run manually;', 0, 'Deployment', 'PlainText', '', NULL),
	('9179BBD2:1513534096865', '873784ED:1504129579796', '9179BBD2:1509815544900', 39, 1513534313, 1513534313, 'T: 07597 158 170\nE. bchflooring@contractor.net', 0, 'Denis Barclay - Flooring Guy', 'PlainText', '', NULL),
	('9179BBD2:1514025500255', '873784ED:1504129579796', '9179BBD2:1514025484852', 39, 1514025734, 1514025797, 'Wallet Identifier:\n70e252a101b19ec7e3f4b9ceedc8368754c72fbf852fa545a0a039c335cf4021\n\nSeed:\n5C47831D6AAFCCD8B3D6BFC9A90A424BEF33DD0494CD0F80DD6C186FC265F25A\n\n\nAccount:\nxrb_3d6wttmkbp9wy8nm6654si3i918g9bqt1h5c6whxw3u6szs9cwtr87jq6tg7', 0, 'Raiblocks', 'PlainText', '', NULL),
	('9179BBD2:1515423552481', 'GxAvUG0BTq:1496046639003', '9179BBD2:1509891938165', 39, 1515423793, 1515423793, 'Key: value object definition\nprivate _params: { [key: string]: any };', 0, 'Typescript stuff', 'PlainText', '', NULL),
	('9179BBD2:1515594255754', 'GxAvUG0BTq:1496046639003', '9179BBD2:1509891938165', 39, 1515594489, 1515598458, '<link rel="stylesheet" href="/css/select2.min.css?v={{VERSION}}_{{BUILD}}" type="text/css" />\n<script type="text/javascript" src="/js/select2.full.min.js"></script>        \n\nthis._$agentSelect.select2({\n            placeholder: \'Please select or type the name of an estate agent\',\n            dropdownParent: this._$form,\n            ajax: {\n                delay: 500,\n                transport: this.loadAgents.bind(this)\n            }\n        });\n\n    /**\n     * Called by select2 to load agents into the select list\n     * @param params an object containing the search term.\n     * @param success Function to call if loading is successful\n     * @param failure Function to call if there\'s an error during loading.\n     */\n    private loadAgents(params: any, success: any, failure: any): void\n    {\n        if (params.data.term) {\n            this._agentsList.withSearchPhrase(params.data.term);\n        }\n\n        this._$agentBranchWrapper.hide();\n        this._$agentUserWrapper.hide();\n        this._loader.render();\n\n        this._agentsList.load().then((agents: Array<Agent>) => {\n            this._agentCache = agents;\n\n            this._loader.remove();\n\n            const items: Array<any> = [];\n\n            for (let agent of agents) {\n                items.push({ \'id\': agent.id, \'text\': agent.name})\n            }\n\n            success({"results": items});\n        }, (error) => {\n            this._loader.remove();\n            this.showErrorMessage("Sorry, something has gone wrong.  " + error);\n            failure(error);\n        });\n    }\n\n        .select2 {\n            width: 370px;\n        }\n\n        .select2 .select2-selection {\n            height: 35px;\n            border-color: #d9d9d9;\n        }\n\n        .select2 .select2-selection__rendered {\n            padding-top: 2px;\n        }', 0, 'Select2', 'PlainText', '', NULL),
	('9179BBD2:1515598100106', 'GxAvUG0BTq:1496046639003', '9179BBD2:1509972018303', 39, 1515598333, 1515598333, 'MoveIt.inviteModal = function (ajaxUrl, title, supplier, continueText, editable, service) {\n    var hideAgentSelect = function (agentSelectArea) {\n        agentSelectArea.hide();\n        agentSelectArea.find(\'.select-menu-block\')\n            .empty();\n    };\n\n    var continueClicked = false;\n    var tplThankYou = $(\'#invite-new-supplier-thank-you-template\').html();\n\n    var createData = function (type, data) {\n        return {\n            type: type,\n            options: data\n        }\n    };\n\n    var showEl = function (el, type, data) {\n        // Select DOM element to append to\n        el.show();\n        el.find(\'.select-menu-block\')\n            .empty()\n            .append(twig({ref: \'agent-select-menu\'}).render(createData(type, data)));\n    };\n\n    MoveIt.modal.open({\n        templateId: \'#invite-new-supplier-template\',\n        cancelBtnText: "Cancel",\n        continueBtnText: continueText || "Send Invite",\n        data: {\n            title: title,\n            userProfile: MoveIt.config.userProfile,\n            agents: MoveIt.config.agents,\n            supplier: supplier,\n            service: service,\n            showReferralFee: MoveIt.config.serviceName.toString().toLowerCase() !== \'financial\',\n            serviceName: MoveIt.config.serviceName,\n            referralFeeList: MoveIt.config.referralFeeList,\n            editable: editable === undefined\n        },\n        callbacks: {\n            showCallback: function () {\n                if (MoveIt.config.userProfile.type == \'ADMIN\') {\n                    var agentSelect = selectList({\n                        selector: \'#estate-agent\',\n                        node: \'agents\',\n                        path: \'/ajax/agents.list\',\n                        preload: true\n                    });\n                }\n            },\n            shownCallback: function (e) {\n                var agentBranch = $(\'#agent-branch\');\n                var agentUser = $(\'#agent-user\');\n\n                var calcFee = feeCalculatorFactory(supplier, $(\'#standardModal\'), service);\n                calcFee(e);\n\n                $(\'#estate-agent\').on(\'change\', function (e) {\n                    var estateAgentId = this.value;\n                    if (estateAgentId) {\n                        $.get(\'/ajax/agents/\' + estateAgentId + \'/branches\')\n                            .done(function (response) {\n                                // Select DOM element to append to\n                                showEl(agentBranch, \'branch\', response.data);\n\n                                $(\'#estate-agent-branch\').on(\'change\', function (e) {\n                                    var branchId = this.value;\n                                    if (branchId) {\n                                        $.get(\'/ajax/agents/\' + estateAgentId + \'/branches/\' + branchId + \'/users\')\n                                            .done(function (response) {\n                                                // Select DOM element to append to\n                                                showEl(agentUser, \'user\', response.data);\n                                            });\n                                    } else {\n                                        hideAgentSelect(agentUser);\n                                    }\n                                });\n                            });\n                    } else {\n                        hideAgentSelect(agentBranch);\n                        hideAgentSelect(agentUser);\n                    }\n                });\n            },\n            continueCallback: function (e) {\n                e.preventDefault();\n                if (!continueClicked) {\n                    continueClicked = true;\n                    MoveIt.modal.showLoadingIndicator();\n\n                    var modalFormErrors = $(\'#modal-form-errors\');\n                    if (!modalFormErrors.hasClass("hide")) {\n                        modalFormErrors.addClass("hide");\n                    }\n\n                    var estateAgent = $(\'#estate-agent\').val();\n                    var estateAgentBranch = $(\'#estate-agent-branch\').val();\n                    var estateAgentUser = $(\'#estate-agent-user\').val();\n                    var companyName = $(\'#company-name\').val();\n                    var contactName = $(\'#contact-name\').val();\n                    var contactEmail = $(\'#contact-email\').val();\n                    var referralFee = supplier.referralFee !== undefined ? supplier.referralFee : \'\';\n                    modalFormErrors.addClass(\'hide\');\n\n                    var Assert = Validator.Assert;\n                    var fields = {\n                        company: companyName,\n                        name: contactName,\n                        email: contactEmail\n                    };\n                    var rules = {\n                        company: new Assert().Required(),\n                        name: new Assert().Required(),\n                        email: [new Assert().Required(), new Assert().Email()]\n                    };\n                    var labels = {\n                        company: \'company name\',\n                        name: \'contact name\'\n                    };\n\n                    if (MoveIt.config.serviceName.toString().toLowerCase() !== \'financial\' && (editable === undefined)) {\n                        fields.referralFee = referralFee;\n                        rules.referralFee = [new Assert().Required(), new Assert().Regexp(\'^\\\\d+(\\.\\\\d{1,2})?$\')]\n                        labels.referralFee = \'referral fee\';\n                    }\n\n                    if (MoveIt.config.userProfile.type == \'ADMIN\') {\n                        fields.agent = estateAgent;\n                        rules.agent = new Assert().Required();\n\n                        fields.agentBranch = estateAgentBranch;\n                        rules.agentBranch = new Assert().Required();\n                        labels.agentBranch = \'agent branch\';\n\n                        fields.agentUser = estateAgentUser;\n                        rules.agentUser = new Assert().Required();\n                        labels.agentUser = \'agent user\';\n                    }\n\n                    var messages = {\n                        Regexp: \'The ${ field } should be valid monetary amount (e.g. 150.00)\'\n                    };\n\n                    var validation = new MoveIt.Validate(messages, labels);\n                    validation.make(rules, fields);\n\n                    if (validation.check() !== true) {\n                        var messages = validation.getErrorMessages();\n                        var compiled = _.template(\'<% _.forEach(messages, function (message) {%><li><%- message[0] %></li><%}) %>\');\n                        var errorHtml = compiled({\'messages\': messages});\n                        modalFormErrors.removeClass(\'hide\');\n                        modalFormErrors.find(\'ul\').empty().html(errorHtml);\n                        continueClicked = false;\n                        MoveIt.modal.resetIndicator();\n                        return false;\n                    }\n\n                    if (MoveIt.config.userProfile.type !== \'ADMIN_USER\') {\n                        agentUserId = MoveIt.config.userProfile.id;\n                    }\n\n                    if (estateAgentUser !== undefined && estateAgentUser !== \'\') {\n                        agentUserId = estateAgentUser;\n                    }\n\n                    $.post(ajaxUrl, {\n                        supplierId: supplier.supplierId || null,\n                        agentUserId: agentUserId,\n                        name: companyName,\n                        contactName: contactName,\n                        emailAddress: contactEmail,\n                        referralFee: referralFee || null,\n                        agentBranchId: estateAgentBranch || currentBranch.id,\n                        serviceType: MoveIt.config.serviceName\n                    })\n                        .done(function (data) {\n                            continueClicked = false;\n\n                            var newData = {\n                                title: \'noChange\',\n                                emailAddress: data.data.emailAddress || data.data.supplier.emailAddress,\n                                contactName: contactName,\n                                name: data.data.name || data.data.supplier.name\n                            };\n\n                            // Reset modal settings\n                            MoveIt.modal.resetIndicator();\n                            MoveIt.modal.update(tplThankYou, newData);\n\n                            $(\'.btn-modal-popup-continue\').addClass(\'hide\');\n                            var cancelBtn = $(\'.btn-modal-popup-cancel\');\n                            cancelBtn.text(\'Ok\');\n                            cancelBtn.on(\'click\', function (e) {\n                                e.stopImmediatePropagation();\n                                window.location.reload(true);\n                            });\n                        })\n                        .fail(function (data) {\n                            var error = data.responseJSON.error;\n                            continueClicked = false;\n                            MoveIt.modal.resetIndicator();\n\n                            modalFormErrors.removeClass(\'hide\');\n                            modalFormErrors.find(\'ul\').empty().html(\'<li>\' + error + \'</li>\');\n                        });\n                }\n            },\n            cancelCallback: function (e) {\n                e.preventDefault();\n\n                continueClicked = false;\n                MoveIt.modal.resetIndicator();\n                MoveIt.modal.close();\n            }\n        }\n    });\n};', 0, 'MoveIt.inviteModal ', 'PlainText', '', NULL),
	('9179BBD2:1515769889541', '873784ED:1504129579796', '9179BBD2:1514025484852', 39, 1515770179, 1515770179, 'API key: wbVtWeuOzcMMgMZM60U16UuosgDj5R\nAPI secret: QCvVTl0pcRhpHgIx6D5YRQaMLhr6EleSwPkfCqlXowhWQWSju3', 0, 'Bitgrail API Keys', 'PlainText', '', NULL),
	('9179BBD2:1516182650868', 'GxAvUG0BTq:1496046639003', '9179BBD2:1513162128155', 39, 1516182964, 1516185968, 'vagrant halt\nvagrant destroy\nvagrant box update\n./Scripts/init.win\n\nUse puttygen to open the private_key file in the vagrant folder and generate a new private key and save it in C:/PSG/keys\n\nssh in\napt-get update\napt-get upgrade\n\nRestore staging db\nsudo moveit_db-restore -t moveit_dev moveit_staging', 0, 'VM Rebuild', 'PlainText', '', NULL);
/*!40000 ALTER TABLE `note` ENABLE KEYS */;

-- Dumping structure for table cloudpad.note_category
CREATE TABLE IF NOT EXISTS `note_category` (
  `id` varchar(45) NOT NULL,
  `workspaceId` varchar(45) NOT NULL,
  `usrId` int(10) unsigned NOT NULL,
  `name` varchar(255) NOT NULL,
  `createdStamp` int(10) NOT NULL,
  `modifiedStamp` int(10) unsigned NOT NULL,
  `deleted` smallint(5) unsigned NOT NULL DEFAULT 0 COMMENT 'Set to 1 when deleted',
  PRIMARY KEY (`id`),
  KEY `idxCategoryUsrId` (`usrId`),
  KEY `idxCategoryUsrIdDone` (`usrId`,`deleted`),
  KEY `idxCategoryWorkspaceIdDone` (`workspaceId`,`deleted`)
) ENGINE=InnoDB DEFAULT CHARSET=utf8mb4;

-- Dumping data for table cloudpad.note_category: ~9 rows (approximately)
/*!40000 ALTER TABLE `note_category` DISABLE KEYS */;
INSERT INTO `note_category` (`id`, `workspaceId`, `usrId`, `name`, `createdStamp`, `modifiedStamp`, `deleted`) VALUES
	('9179BBD2:1509815544900', '873784ED:1504129579796', 39, 'Contacts', 1509815608, 1509815608, 0),
	('9179BBD2:1509880645910', '873784ED:1504129579796', 39, 'Methley Place', 1509880707, 1509880707, 0),
	('9179BBD2:1509891872174', '873784ED:1504129579796', 39, 'Identity', 1509891934, 1509891934, 0),
	('9179BBD2:1509891938165', 'GxAvUG0BTq:1496046639003', 39, 'Code Snippets', 1509891999, 1509891999, 0),
	('9179BBD2:1509892053732', '873784ED:1504129579796', 39, 'ATO Australian Taxation Office', 1509892115, 1509892121, 1),
	('9179BBD2:1509892129499', '873784ED:1504129579796', 39, 'Computing', 1509892191, 1509892191, 0),
	('9179BBD2:1509892670540', '873784ED:1504129579796', 39, 'Food', 1509892732, 1509892732, 0),
	('9179BBD2:1509916208400', 'GxAvUG0BTq:1496047506920', 39, 'Useful Code Snippets', 1509916270, 1509916270, 0),
	('9179BBD2:1509964545465', 'GxAvUG0BTq:1496046639003', 39, 'Benefits and Rewards', 1509964605, 1509964605, 0),
	('9179BBD2:1509972018303', 'GxAvUG0BTq:1496046639003', 39, 'Removed Code', 1509972078, 1509972078, 0),
	('9179BBD2:1510143174342', '873784ED:1504129579796', 39, 'Hurst Rise Road', 1510143226, 1510143226, 0),
	('9179BBD2:1512747691652', 'GxAvUG0BTq:1496046639003', 39, 'Misc', 1512747875, 1512747875, 0),
	('9179BBD2:1513162128155', 'GxAvUG0BTq:1496046639003', 39, 'Procedure', 1513162331, 1513162331, 0),
	('9179BBD2:1514025484852', '873784ED:1504129579796', 39, 'Crypto', 1514025719, 1514025719, 0);
/*!40000 ALTER TABLE `note_category` ENABLE KEYS */;

-- Dumping structure for table cloudpad.prefix
CREATE TABLE IF NOT EXISTS `prefix` (
  `prefix` varchar(10) NOT NULL,
  `usrId` int(10) unsigned DEFAULT NULL COMMENT 'Keys to the usr table, may be blank initially before the token is paired with a user',
  PRIMARY KEY (`prefix`),
  KEY `fk_prefix_usr_idx` (`usrId`),
  CONSTRAINT `fk_prefix_usr` FOREIGN KEY (`usrId`) REFERENCES `usr` (`usrId`) ON DELETE CASCADE ON UPDATE NO ACTION
) ENGINE=InnoDB DEFAULT CHARSET=utf8mb4;

-- Dumping data for table cloudpad.prefix: ~112 rows (approximately)
/*!40000 ALTER TABLE `prefix` DISABLE KEYS */;
INSERT INTO `prefix` (`prefix`, `usrId`) VALUES
	('08021639', NULL),
	('0B329A2E', NULL),
	('0B4AC88F', NULL),
	('0B611175', NULL),
	('10BDD8C7', NULL),
	('11C4C5C3', NULL),
	('12DFC95F', NULL),
	('15977C2E', NULL),
	('1FC2CB80', NULL),
	('20A94B11', NULL),
	('2117F944', NULL),
	('21611D8D', NULL),
	('2840E0EA', NULL),
	('2C123D1D', NULL),
	('2D63366A', NULL),
	('3051A504', NULL),
	('33FD11C4', NULL),
	('349570B1', NULL),
	('36A9CC4A', NULL),
	('386266E8', NULL),
	('39039C22', NULL),
	('39647F45', NULL),
	('3E001025', NULL),
	('43408449', NULL),
	('4AEA5AD1', NULL),
	('4CF6A5CA', NULL),
	('4D21415F', NULL),
	('4D318A05', NULL),
	('4D53C5E1', NULL),
	('4F4C64DD', NULL),
	('503A3174', NULL),
	('526DC84A', NULL),
	('53C689A9', NULL),
	('5938CCF6', NULL),
	('6195270D', NULL),
	('62978ACE', NULL),
	('62E24722', NULL),
	('699D21D0', NULL),
	('6D08CB43', NULL),
	('6D2B3579', NULL),
	('6E7552D7', NULL),
	('7458ABA5', NULL),
	('7597972C', NULL),
	('7621C636', NULL),
	('7CB0BF61', NULL),
	('7D19F051', NULL),
	('7DEE0020', NULL),
	('7E94A0DF', NULL),
	('882BBAB1', NULL),
	('8A13D154', NULL),
	('8A380C3B', NULL),
	('901E5F0A', NULL),
	('90A086AF', NULL),
	('90EFBD9E', NULL),
	('94EB38F9', NULL),
	('9BB7577B', NULL),
	('9F9DC6F4', NULL),
	('A3572EEB', NULL),
	('AD5C410F', NULL),
	('AFE23B3F', NULL),
	('B0B4EBDE', NULL),
	('B28586FE', NULL),
	('B3C20075', NULL),
	('B4C1B0CE', NULL),
	('B5CDFE3D', NULL),
	('B6F76019', NULL),
	('B824CD17', NULL),
	('B85FF32A', NULL),
	('B933CE1A', NULL),
	('B9DE68D5', NULL),
	('BF9F133D', NULL),
	('C033240E', NULL),
	('C2BCC94F', NULL),
	('C38C1CE2', NULL),
	('C60982FF', NULL),
	('C67E095E', NULL),
	('CDEE035B', NULL),
	('CE285F5C', NULL),
	('CF373907', NULL),
	('CF977BE4', NULL),
	('D01F2A9E', NULL),
	('D12D799B', NULL),
	('D31099C1', NULL),
	('D3A0CFF4', NULL),
	('D5C7D6A9', NULL),
	('D743FE86', NULL),
	('D9F6CD8C', NULL),
	('D9FEA668', NULL),
	('DA1E99D3', NULL),
	('DA7FC10B', NULL),
	('DADFC7AD', NULL),
	('DE39A867', NULL),
	('E09C92A1', NULL),
	('E0F254D9', NULL),
	('E1B0ED54', NULL),
	('E1CE7EEE', NULL),
	('E1D494A8', NULL),
	('E1D5AD2B', NULL),
	('E2A28A69', NULL),
	('E344EE9F', NULL),
	('E9552D87', NULL),
	('EA7EF54F', NULL),
	('ECF49EC7', NULL),
	('EE718691', NULL),
	('EF41904A', NULL),
	('F03C176C', NULL),
	('F42CDC9E', NULL),
	('F89866A5', NULL),
	('F915E6BC', NULL),
	('FDBBB0E6', NULL),
	('FFC8CAE1', NULL),
	('02DD6A2A', 29),
	('843E9102', 29),
	('BDDEC12E', 29),
	('005ABA2A', 39),
	('5CCD8F3A', 39),
	('68616A68', 39),
	('744E951A', 39),
	('873784ED', 39),
	('9179BBD2', 39),
	('94023CA1', 39),
	('DF113177', 39),
	('FE1A26A6', 39),
	('GxAvUG0BTq', 39);
/*!40000 ALTER TABLE `prefix` ENABLE KEYS */;

-- Dumping structure for table cloudpad.todo
CREATE TABLE IF NOT EXISTS `todo` (
  `id` varchar(45) NOT NULL,
  `workspaceId` varchar(45) NOT NULL,
  `usrId` int(10) unsigned NOT NULL,
  `createdStamp` int(10) NOT NULL,
  `modifiedStamp` int(10) unsigned NOT NULL,
  `notes` text DEFAULT NULL,
  `done` smallint(5) unsigned NOT NULL DEFAULT 0 COMMENT 'Set to 1 when completed',
  PRIMARY KEY (`id`),
  KEY `idxTodoUsrId` (`usrId`),
  KEY `idxTodoUsrIdDone` (`usrId`,`done`),
  KEY `idxTodoWorkspaceIdDone` (`workspaceId`,`done`)
) ENGINE=InnoDB DEFAULT CHARSET=utf8mb4;

-- Dumping data for table cloudpad.todo: ~218 rows (approximately)
/*!40000 ALTER TABLE `todo` DISABLE KEYS */;
INSERT INTO `todo` (`id`, `workspaceId`, `usrId`, `createdStamp`, `modifiedStamp`, `notes`, `done`) VALUES
	('005ABA2A:1504456683914', 'GxAvUG0BTq:1496047506920', 39, 1504456687, 1505038178, 'Improve sync so it syncs immediately when something is added.', 1),
	('005ABA2A:1504456753220', 'GxAvUG0BTq:1496047506920', 39, 1504456758, 1505168691, 'Implement extend token end point.', 1),
	('005ABA2A:1504456792001', 'GxAvUG0BTq:1496047506920', 39, 1504456798, 1505038163, 'Remove time-based sync for now, instead, call time-based extend token.  Also make sure tokens live for a long time.  No need to make them short lived.', 1),
	('005ABA2A:1504456842122', 'GxAvUG0BTq:1496047506920', 39, 1504456860, 1505038150, 'Remove construct of group entirely from the database and backend code.  We\'re going to replace that with ability to share workspace with whomever you like.', 1),
	('005ABA2A:1504456885393', 'GxAvUG0BTq:1496047506920', 39, 1504456890, 1505079473, 'Rename Notepad to Whiteboard (probably should do this in the API code too - don\'t be lazy)', 1),
	('005ABA2A:1504456901954', 'GxAvUG0BTq:1496047506920', 39, 1504456910, 1504737167, 'Ensure to-do list can scroll.', 1),
	('005ABA2A:1504456958754', 'GxAvUG0BTq:1496047506920', 39, 1504456961, 1505166448, 'Would be nice to completed to-do items stay on the UI for a while, with strike-through effect, and make date/time of completion.', 1),
	('005ABA2A:1504457293849', 'GxAvUG0BTq:1496047506920', 39, 1504457299, 1504680920, 'Todo panel currently not resizing when resizing window. It should.', 1),
	('005ABA2A:1504513827777', 'GxAvUG0BTq:1496046639003', 39, 1504513839, 1504559310, 'Install Storm Plugin "PHP Annotation"', 1),
	('005ABA2A:1504641933307', 'GxAvUG0BTq:1496047506920', 39, 1504641940, 1504641940, 'Remove the notion of a "group" entirely from database and code.', 1),
	('005ABA2A:1504689325292', 'GxAvUG0BTq:1496046639003', 39, 1504689334, 1504702717, 'Add comments to log permissions task now in the done column', 1),
	('005ABA2A:1504737180478', 'GxAvUG0BTq:1496047506920', 39, 1504737188, 1505064548, 'Make whiteboard an HTML editor.', 1),
	('005ABA2A:1504853170745', 'GxAvUG0BTq:1496047506920', 39, 1504853179, 1505038131, 'Update API to use OkHttpUtils2 and then handle connection errors.', 1),
	('005ABA2A:1505064606272', 'GxAvUG0BTq:1496047506920', 39, 1505064607, 1505148234, 'On logout, ensure prefix file on local file system is deleted, and ensure logging in as any user then works (will need to generate a new prefix on login).', 1),
	('02DD6A2A:1501969071', '02DD6A2A:12345', 29, 1503149965, 1503150110, 'Feed the fish', 1),
	('873784ED:1503911481126', 'GxAvUG0BTq:1496047506920', 39, 1503934567, 1504217759, 'Add logout option to main menu', 1),
	('873784ED:1503911543505', 'GxAvUG0BTq:1496047506920', 39, 1503937521, 1504217759, 'Hard delete old notpad and todo items that have dirty = 0', 1),
	('873784ED:1503938017131', 'GxAvUG0BTq:1496047506920', 39, 1503955057, 1504218023, 'Add options for "Add Workspace" and "Delete Workspace" into main menu', 1),
	('873784ED:1503938075674', 'GxAvUG0BTq:1496047506920', 39, 1503955057, 1504456137, 'Add support for Delete Workspace into API', 1),
	('873784ED:1503938116820', 'GxAvUG0BTq:1496047506920', 39, 1503955057, 1504218024, 'Use timestamps in entities to createdDtm and modifiedDtm on server - we need this to ensure correct ordering.', 1),
	('873784ED:1503995937967', 'GxAvUG0BTq:1496047506920', 39, 1504075793, 1504218023, 'Add a clear button to the whiteboard', 1),
	('873784ED:1503995955127', 'GxAvUG0BTq:1496047506920', 39, 1504075798, 1504102939, 'Add MD5 change checking to whiteboard to avoid unnecessary saves', 1),
	('873784ED:1503995971415', 'GxAvUG0BTq:1496047506920', 39, 1504075798, 1504103195, 'When changing workspaces, prevent change command firing on whiteboard', 1),
	('873784ED:1503997282738', 'GxAvUG0BTq:1496046639003', 39, 1504075798, 1504281489, 'MV-2797 - today\'s focus', 1),
	('873784ED:1504217901811', 'GxAvUG0BTq:1496047506920', 39, 1504218023, 1504456148, 'Implement delete workspace.  It should automatically set all related todo items as deleted.', 1),
	('873784ED:1504217961437', 'GxAvUG0BTq:1496047506920', 39, 1504218024, 1506240637, 'Implement "password reset" on login screen.', 1),
	('873784ED:1504218056891', 'GxAvUG0BTq:1496047506920', 39, 1504249069, 1504303985, 'Implement timeline feature of notepad so we can scroll back in time.', 1),
	('873784ED:1504218142563', 'GxAvUG0BTq:1496047506920', 39, 1504249069, 1506240636, 'Implement "edit profile" screen. ', 1),
	('873784ED:1504218151819', 'GxAvUG0BTq:1496047506920', 39, 1504249069, 1504281637, 'Get rid of cut/copy/paste for now.', 1),
	('873784ED:1504249166826', 'GxAvUG0BTq:1496047506920', 39, 1504281414, 1506253916, 'Add abilility to invite other users to a workspace.  Notepad and todo list in a shared workspace should be editable by everyone.  Will have implications for syncing data.', 1),
	('873784ED:1504281546357', 'GxAvUG0BTq:1496047506920', 39, 1504281637, 1504303975, 'Implement ability to pause sync checking', 1),
	('873784ED:1504285235294', 'GxAvUG0BTq:1496046639003', 39, 1504285290, 1504702717, 'Review PaulC\'s blog code', 1),
	('873784ED:1504302896413', '873784ED:1504129579796', 39, 1504302922, 1505643249, 'Feed the fish', 1),
	('9179BBD2:1505141717596', 'GxAvUG0BTq:1496046639003', 39, 1505141719, 1505222398, 'Add code into ClassMap to throw exception if class name not found', 1),
	('9179BBD2:1505141724591', 'GxAvUG0BTq:1496046639003', 39, 1505141726, 1505222397, 'And vice versa', 1),
	('9179BBD2:1505141752436', 'GxAvUG0BTq:1496046639003', 39, 1505141754, 1505215545, 'Move DummyEvent to Test', 1),
	('9179BBD2:1505141767358', 'GxAvUG0BTq:1496046639003', 39, 1505141769, 1505215517, 'Add test for AppEvent', 1),
	('9179BBD2:1505141793502', 'GxAvUG0BTq:1496046639003', 39, 1505141795, 1505215511, 'Add test for EventStream (addEvent and getStreamId - don\'t bother with the rest)', 1),
	('9179BBD2:1505141819969', 'GxAvUG0BTq:1496046639003', 39, 1505141821, 1505215509, 'Add test for Metadata class', 1),
	('9179BBD2:1505141870391', 'GxAvUG0BTq:1496046639003', 39, 1505141872, 1505463255, 'Add test for EventStore (mocking the messagebus)', 1),
	('9179BBD2:1505207546379', 'GxAvUG0BTq:1496046639003', 39, 1505207549, 1505207550, 'Add Test for ApiEvent', 1),
	('9179BBD2:1505228974995', 'GxAvUG0BTq:1496046639003', 39, 1505228977, 1508142065, 'Improve S3 tests to mock adapter - no need to actually send stuff to S3', 1),
	('9179BBD2:1505487687751', 'GxAvUG0BTq:1496046639003', 39, 1505487687, 1506974634, 'Don\'t forget to update the unattributed task on JIRA with notes about what the problem was and the fix', 1),
	('9179BBD2:1505643321067', '873784ED:1504129579796', 39, 1505643322, 1507194607, 'Take the forms for Juri to sign into the car', 1),
	('9179BBD2:1505724014893', 'GxAvUG0BTq:1496046639003', 39, 1505724016, 1505750594, 'Ask PaulC about his loss of confidence in JS created apps - why?', 1),
	('9179BBD2:1505745267887', 'GxAvUG0BTq:1496046639003', 39, 1505745270, 1505905568, 'Create new branch for command end point.', 1),
	('9179BBD2:1505818168909', 'GxAvUG0BTq:1496046639003', 39, 1505818172, 1505905566, 'Remove resolver and just call create method in factory', 1),
	('9179BBD2:1505818412006', 'GxAvUG0BTq:1496046639003', 39, 1505818414, 1505905564, 'Gigafactory resolves command name to command class', 1),
	('9179BBD2:1505818738446', 'GxAvUG0BTq:1496046639003', 39, 1505818741, 1505905561, 'Make interface for ensuring events contain a getCommonName method', 1),
	('9179BBD2:1505819293715', 'GxAvUG0BTq:1496046639003', 39, 1505819296, 1505905559, 'Pass security context (not reference) into commands and ensure security there.  Pass context into factory constructor.', 1),
	('9179BBD2:1505819387504', 'GxAvUG0BTq:1496046639003', 39, 1505819390, 1505905556, 'Will need to add commandName into parameterBag', 1),
	('9179BBD2:1505825456542', 'GxAvUG0BTq:1496046639003', 39, 1505825459, 1505905553, 'Investigate if MySQL has a GUID function.', 1),
	('9179BBD2:1505831554951', 'GxAvUG0BTq:1496046639003', 39, 1505831558, 1505905552, 'Check UUID works with Php Guid', 1),
	('9179BBD2:1505831948363', 'GxAvUG0BTq:1496046639003', 39, 1505831951, 1505905550, 'Domain Agents Record AgentRecord - alter constructor - if guid blank populate it.  Also check insert in AgentRepo', 1),
	('9179BBD2:1505904524692', 'GxAvUG0BTq:1496046639003', 39, 1505904525, 1505905095, 'Remove ClassNameResolver', 1),
	('9179BBD2:1505904741499', 'GxAvUG0BTq:1496046639003', 39, 1505904741, 1505905094, 'Remove Resolver Interface', 1),
	('9179BBD2:1506253965489', 'GxAvUG0BTq:1496047506920', 39, 1506253965, 1506442781, 'Add two columns to Workspaces table: shared (small int), ownerId (unsigned int - same as usrId)', 1),
	('9179BBD2:1506254057474', 'GxAvUG0BTq:1496047506920', 39, 1506254057, 1506459653, 'Also add column dataUpdatedStamp (unsigned in) to workspace - this should hold the last date/time any data in this workspace was updated', 1),
	('9179BBD2:1506255758333', 'GxAvUG0BTq:1496047506920', 39, 1506255758, 1506701269, 'Add new database table workspace_usrs (workspaceId, usrId, joinedStamp) to provide the basis of sharing workspaces', 1),
	('9179BBD2:1506256113763', 'GxAvUG0BTq:1496047506920', 39, 1506256114, 1506702389, 'Create UserSearch end-point that allows a user to enter an email address and see if the the user exists.  If the user does exist, the users id, first name and last name should be returned.', 1),
	('9179BBD2:1506256224196', 'GxAvUG0BTq:1496047506920', 39, 1506256224, 1506702775, 'Create an invitation db table: (id, workspaceId, usrId, inviteCode, expiryDtm)', 1),
	('9179BBD2:1506256230533', 'GxAvUG0BTq:1496047506920', 39, 1506256230, 1506863322, 'Create InviteUserToWorkspace Command, and associated end-point.  This takes a usrId and workspaceId, and creates an invitation record, and sends an email to the invited user with an invite code. ', 1),
	('9179BBD2:1506256287517', 'GxAvUG0BTq:1496047506920', 39, 1506256287, 1506863322, 'Create an AcceptInvitation command, that takes an invitation code (and session token).  This should if correct, remove the invitation record, add the user to the workspace, etc.', 1),
	('9179BBD2:1506442822800', 'GxAvUG0BTq:1496047506920', 39, 1506442824, 1506445591, 'Alter Create Workspace command to set the ownerId to the same as the usrId.', 1),
	('9179BBD2:1506442844571', 'GxAvUG0BTq:1496047506920', 39, 1506442846, 1506459655, 'Alter add / update todo to set workspace last modified stamp.', 1),
	('9179BBD2:1506442854812', 'GxAvUG0BTq:1496047506920', 39, 1506442856, 1506459656, 'Alter add notepad command to set workspace last modified stamp.', 1),
	('9179BBD2:1506693482785', '873784ED:1504129579796', 39, 1506693485, 1507194607, 'Book Ariel for another scan on Monday', 1),
	('9179BBD2:1506774244954', 'GxAvUG0BTq:1496046639003', 39, 1506774247, 1507536707, 'Remove getEventName method from TransactionEvents', 1),
	('9179BBD2:1506774275497', 'GxAvUG0BTq:1496046639003', 39, 1506774277, 1507536709, 'Remove InvalidCurrencyValueException', 1),
	('9179BBD2:1506863382736', 'GxAvUG0BTq:1496047506920', 39, 1506863382, 1506863382, 'Add a detachFromWorkspace command that allows a user on a shared workspace to remove themselves.   Not that the owner may not detach themslves.  Later we will add a transferOwnership command.', 0),
	('9179BBD2:1506863496504', 'GxAvUG0BTq:1496047506920', 39, 1506863496, 1507454588, 'Alter todo and notepad queries to grab todos in shared workspaces as well as the users own workspaces.  Best approach might be to write a workspace getAllWorkspaceIdsForUser query to returns a list of all workspaces that the user has access to (maybe a WorkspaceCollection so we can know whether for each workspace, the user owns it or not).  Then use the collection to build a CSV of workspaceids and use a whereIn mysql condition for todo, and something simialr for Mongo.', 1),
	('9179BBD2:1506875228995', 'GxAvUG0BTq:1496047506920', 39, 1506875229, 1507454577, 'Ensure that all users with access to a shared workspace can successfully save new todos and update existing ones.', 1),
	('9179BBD2:1506941352613', 'GxAvUG0BTq:1496046639003', 39, 1506941354, 1507020441, 'Remove getSupportedCommands - ask James?', 1),
	('9179BBD2:1506941384469', 'GxAvUG0BTq:1496046639003', 39, 1506941385, 1507196156, 'Remove PropertyTenureExtended and add additional constants to PropertyTenure', 1),
	('9179BBD2:1507019930587', 'GxAvUG0BTq:1496046639003', 39, 1507019933, 1507020448, 'Check resendInvite in suppliers controller from docit-auto', 1),
	('9179BBD2:1507048520536', 'GxAvUG0BTq:1496046639003', 39, 1507048524, 1507536719, 'Update Item In Price Group - finish properly', 1),
	('9179BBD2:1507454642315', 'GxAvUG0BTq:1496047506920', 39, 1507454643, 1507877984, 'Finish processRegistration method in WebsocketManager on the server.  verify tokenCode is valid and resolve back to usrId and prefix.  Set the class properties.  Register instance using workspaceId as the key.', 1),
	('9179BBD2:1507454677989', 'GxAvUG0BTq:1496047506920', 39, 1507454679, 1507877987, 'Register the WebsocketManager as an EventListener on the message bus and listen to relevant events for todos and notepad.', 1),
	('9179BBD2:1507454745290', 'GxAvUG0BTq:1496047506920', 39, 1507454746, 1507877991, 'In WebsocketManager, for each command that we care about, push the command data to any subscribers.  For any inactive sockets found, trim them.', 1),
	('9179BBD2:1507454766071', 'GxAvUG0BTq:1496047506920', 39, 1507454767, 1509406604, 'Write a timer on WebsocketManager and automatically scan the registered connections for any inactive ones and trim them.', 1),
	('9179BBD2:1507454878631', 'GxAvUG0BTq:1496047506920', 39, 1507454879, 1508948769, 'Write a method in takes a timestamp and workspaceId, and returns all relevant events from the Mongostore.  The events are anything associated with todo items or notepad items.', 1),
	('9179BBD2:1507454922629', 'GxAvUG0BTq:1496047506920', 39, 1507454923, 1508948771, 'Upon successful registration with the WebsocketManager, use the new method to load the Mongo events and pipe them down the tube to the front end.', 1),
	('9179BBD2:1507454941456', 'GxAvUG0BTq:1496047506920', 39, 1507454942, 1508948787, 'In the front end app, add lastUpdated field into workspace table and object', 1),
	('9179BBD2:1507455077661', 'GxAvUG0BTq:1496047506920', 39, 1507455078, 1508948791, 'Update ping method on server to return current timestamp', 1),
	('9179BBD2:1507455103967', 'GxAvUG0BTq:1496047506920', 39, 1507455105, 1508948796, 'In front end app, after a full sync, call the ping method and update all workspaces with the returned timestamp.', 1),
	('9179BBD2:1507455139487', 'GxAvUG0BTq:1496047506920', 39, 1507455140, 1508948803, 'In front end app, handle all received messages for todo and notepad updates, and update UI accordingly.', 1),
	('9179BBD2:1507538278394', 'GxAvUG0BTq:1496046639003', 39, 1507538280, 1507705107, 'ERD of strategies and groupings.  Draw.io?   ', 1),
	('9179BBD2:1507538294747', 'GxAvUG0BTq:1496046639003', 39, 1507538297, 1507705106, 'Document the table structure itself for stats', 1),
	('9179BBD2:1507705103383', 'GxAvUG0BTq:1496046639003', 39, 1507705104, 1507758645, 'On email, render the grey footer block outside the main content area so it’s 100% of the content', 1),
	('9179BBD2:1507809001470', 'GxAvUG0BTq:1496047506920', 39, 1507808991, 1507809001, 'Move to NUC', 1),
	('9179BBD2:1507809009596', 'GxAvUG0BTq:1496047506920', 39, 1507808999, 1507877900, 'Close down Scaleway - no longer needed!', 1),
	('9179BBD2:1507818811631', 'GxAvUG0BTq:1496046639003', 39, 1507818801, 1508142062, 'Write ticket to add applicationId of related agent to stats table', 1),
	('9179BBD2:1507973910408', 'GxAvUG0BTq:1496047506920', 39, 1507973927, 1508948809, 'Handle error where user logs in as a different user and now their prefix is wrong because it\'s assigned to another user.  We should delete the prefix and generate another one.', 1),
	('9179BBD2:1507976538254', 'GxAvUG0BTq:1496047506920', 39, 1507976554, 1509573844, 'Add logged in user email address somewhere onto UI so we can see who is logged in at all times.', 1),
	('9179BBD2:1507976575742', 'GxAvUG0BTq:1496047506920', 39, 1507976592, 1508964418, 'Add a websocket connection indicator icon - should show not yet connected (orange) connected (green) and connection failed (red) states.', 1),
	('9179BBD2:1508002244627', 'GxAvUG0BTq:1496047506920', 39, 1508002260, 1508057048, 'Add prefix into save todo, create todo and save notepad commands.  We need this to send messages to the correct websocket recipients.', 1),
	('9179BBD2:1508142446168', 'GxAvUG0BTq:1496046639003', 39, 1508142454, 1508494552, 'Take agentBranchId out of the request - only create valid commands.    Agent related rules should be checked in the aggregate root.  Supplier related stuff in the command factory.', 1),
	('9179BBD2:1508142738339', 'GxAvUG0BTq:1496046639003', 39, 1508142746, 1508494551, 'Remove AgentId from the existing events too.  Aggregate root will load the brand and agentId from the branchId.', 1),
	('9179BBD2:1508142813415', 'GxAvUG0BTq:1496046639003', 39, 1508142821, 1508494550, 'Check if there\'s an existing method to check if an agentuser belongs to the same agent as a branch', 1),
	('9179BBD2:1508142883117', 'GxAvUG0BTq:1496046639003', 39, 1508142891, 1508494545, 'agentUserId->equals(agentId)', 1),
	('9179BBD2:1508143546326', 'GxAvUG0BTq:1496046639003', 39, 1508143554, 1508494544, 'Transfer checking of IDs (branchId) to a proxy so the command factory can be unit tested.  DI container can put proxy from DI.  LegacyAgentQueryProxy Agents/Queries   getAgentIdForUserId.', 1),
	('9179BBD2:1508143790439', 'GxAvUG0BTq:1496046639003', 39, 1508143798, 1508494539, 'Do SaleEvent changes under MV-3065.   ', 1),
	('9179BBD2:1508144595603', 'GxAvUG0BTq:1496046639003', 39, 1508144604, 1508494538, 'LegacyProxy Agents -> db -> queries, give it copy of the new adapter, using existing models inside proxy method (checkBranch, checkUserId, checkUserBelongsToAgent).', 1),
	('9179BBD2:1508164821595', 'GxAvUG0BTq:1496046639003', 39, 1508164829, 1508494537, 'Pass proxy, remove pdoAdapter', 1),
	('9179BBD2:1508165131871', 'GxAvUG0BTq:1496046639003', 39, 1508165139, 1508494537, 'getMockAggregate in aggregateTest??  Test should be: If I give you this command, I should see this command.', 1),
	('9179BBD2:1508242325957', 'GxAvUG0BTq:1496046639003', 39, 1508242350, 1508494535, 'periodType: DAYS, WEEKS, MONTHS, YEARS', 1),
	('9179BBD2:1508242578427', 'GxAvUG0BTq:1496046639003', 39, 1508242602, 1508494534, 'tennancyTermPeriodType, tennancyTermValue: rentalAmountPeriodType, rental value object rental amount + periodType', 1),
	('9179BBD2:1508316363305', '873784ED:1504129579796', 39, 1508316393, 1509406582, 'Send Juri bank details', 1),
	('9179BBD2:1508666933237', 'GxAvUG0BTq:1496047506920', 39, 1508666949, 1508666949, 'Add support for different workspace types: Plain Text, HTML Editor, Code Editor.  Will need a web view for code editor.', 0),
	('9179BBD2:1508667091839', 'GxAvUG0BTq:1496047506920', 39, 1508667108, 1508964502, 'Add end point for getting a single workspace.  In addition to returning workspace info, it should fire a command GetWorkspaceInfo that will result in determining changed data in the workspace since a specific date/time) (has there been any changed todo or notepad items).   We will then listen for this command in the websocket recipient and shoot a message down the pipe if there is a registered workspace.', 1),
	('9179BBD2:1508667251430', 'GxAvUG0BTq:1496047506920', 39, 1508667268, 1508667268, 'https://codemirror.net/mode/php/index.html', 0),
	('9179BBD2:1508713170565', '873784ED:1504129579796', 39, 1508713184, 1509406584, 'Don\'t forget wrapping paper for Libby', 1),
	('9179BBD2:1509010831565', 'GxAvUG0BTq:1496046639003', 39, 1509010873, 1509013073, 'Update Core Agent class (two places)', 1),
	('9179BBD2:1509010835540', 'GxAvUG0BTq:1496046639003', 39, 1509010877, 1509012853, 'Update Core Supplier class', 1),
	('9179BBD2:1509011021788', 'GxAvUG0BTq:1496046639003', 39, 1509011064, 1509016631, 'Update Core Quotes class', 1),
	('9179BBD2:1509011055013', 'GxAvUG0BTq:1496046639003', 39, 1509011097, 1509016631, 'Update Core Quotes class in 2nd place', 1),
	('9179BBD2:1509406501316', '873784ED:1504129579796', 39, 1509406547, 1509567285, 'Book hotels', 1),
	('9179BBD2:1509406504676', '873784ED:1504129579796', 39, 1509406550, 1509553912, 'Book train', 1),
	('9179BBD2:1509465539292', 'GxAvUG0BTq:1496046639003', 39, 1509465607, 1509483867, 'Non complete templates to start with an _', 1),
	('9179BBD2:1509465661879', 'GxAvUG0BTq:1496046639003', 39, 1509465729, 1509483677, 'Instead of if statements, use blocks (header, footer)', 1),
	('9179BBD2:1509465808247', 'GxAvUG0BTq:1496046639003', 39, 1509465875, 1509483672, 'Wrap the style block', 1),
	('9179BBD2:1509553836171', '873784ED:1504129579796', 39, 1509553910, 1510479355, 'Get back to Ruth', 1),
	('9179BBD2:1509702059190', 'GxAvUG0BTq:1496046639003', 39, 1509702128, 1510133913, 'Need to get better at QA\'ing front-end code.', 1),
	('9179BBD2:1509703978726', '873784ED:1504129579796', 39, 1509704048, 1509717886, 'Send insurance doc to Warner Goodman', 1),
	('9179BBD2:1509703985446', '873784ED:1504129579796', 39, 1509704055, 1509752167, 'Fill in stupid voting form', 1),
	('9179BBD2:1509892774213', '873784ED:1504129579796', 39, 1509892835, 1509892835, 'Call the ATO and get my account linked properly.', 0),
	('9179BBD2:1509983333503', '873784ED:1504129579796', 39, 1509983395, 1513984281, 'Make a booking at a pub or resturant for XMas day', 1),
	('9179BBD2:1510009383784', '873784ED:1504129579796', 39, 1510009443, 1510009444, 'Email Mum', 1),
	('9179BBD2:1510137697959', 'GxAvUG0BTq:1496046639003', 39, 1510137751, 1510141615, 'Add in an email preferences heading in admin dash customer subscription tab.', 1),
	('9179BBD2:1510137852045', 'GxAvUG0BTq:1496046639003', 39, 1510137904, 1510138781, 'In go dash, change col 6 to col 9 so content doesn\'t wrap.  Remove btn-block from buttons.', 1),
	('9179BBD2:1510149205131', 'GxAvUG0BTq:1496046639003', 39, 1510149301, 1510934688, '373 Add command dispatcher to method', 1),
	('9179BBD2:1510149382267', 'GxAvUG0BTq:1496046639003', 39, 1510149478, 1510934681, 'optOutCustomers - Probably can remove.', 1),
	('9179BBD2:1510150846387', 'GxAvUG0BTq:1496046639003', 39, 1510150943, 1510154794, 'Abstract customer command - change to securityContextRef', 1),
	('9179BBD2:1510151200571', 'GxAvUG0BTq:1496046639003', 39, 1510151297, 1510153737, 'Update patch to deal with empty service list', 1),
	('9179BBD2:1510229540529', 'GxAvUG0BTq:1496046639003', 39, 1510229634, 1510934687, 'Grab modal from admin users screen.  ', 1),
	('9179BBD2:1510229577388', 'GxAvUG0BTq:1496046639003', 39, 1510229671, 1510934686, 'pages/admin/list - create modal example', 1),
	('9179BBD2:1510312695895', '873784ED:1504129579796', 39, 1510312786, 1510410783, 'Send gift to PH', 1),
	('9179BBD2:1510406527011', '873784ED:1504129579796', 39, 1510410783, 1512381104, 'Get Billbot working on Scaleway for move period', 1),
	('9179BBD2:1510482008785', 'GxAvUG0BTq:1496046754834', 39, 1510482094, 1510482094, 'If the user has invoices enabled, before than can create an invoice (e.g. from session overview screen), force them to go into the invoice setup screen.', 0),
	('9179BBD2:1510482033277', 'GxAvUG0BTq:1496046754834', 39, 1510482118, 1510482118, 'Default Tax ID Showing ABN, command though I\'m in the UK!', 0),
	('9179BBD2:1510482060207', 'GxAvUG0BTq:1496046754834', 39, 1510482145, 1510482145, 'Need help icons on invoice setup (e.g. what is Invoice Prefix)', 0),
	('9179BBD2:1510482357925', 'GxAvUG0BTq:1496046754834', 39, 1510482443, 1510482443, 'On invoice top right, seeing \'Tel\' with no telephone number.  Make Tel not show if not blank.  Also consider adding telephone to invoice setup screen as it\'s weird having something not right on the invoice that you can\'t fix on invoice setup.', 0),
	('9179BBD2:1510482491757', 'GxAvUG0BTq:1496046754834', 39, 1510482577, 1510482577, 'App logo uploading not working', 0),
	('9179BBD2:1510843191310', '873784ED:1504129579796', 39, 1510843312, 1510843312, 'Cut driving license in two and return to DVLA, Swansea SA99 1ZW', 0),
	('9179BBD2:1510859541597', '873784ED:1504129579796', 39, 1510859663, 1512381099, 'Close Thames Water account', 1),
	('9179BBD2:1510859549381', '873784ED:1504129579796', 39, 1510859670, 1512381098, 'Close SSE Gas and Elec account', 1),
	('9179BBD2:1510867246614', '873784ED:1504129579796', 39, 1510867367, 1512381097, 'Ensure transfer of council tax here', 1),
	('9179BBD2:1510905319009', '873784ED:1504129579796', 39, 1510905439, 1512381095, 'Pay Scott', 1),
	('9179BBD2:1510934558646', 'GxAvUG0BTq:1496046639003', 39, 1510934678, 1515497156, 'Research deployment strategy and how to deal with database / code mismatch', 1),
	('9179BBD2:1512486671718', 'GxAvUG0BTq:1496046639003', 39, 1512486835, 1515497156, 'Destroy EventContextHelper', 1),
	('9179BBD2:1512553521877', '873784ED:1504129579796', 39, 1512553683, 1512553683, 'Kill Zipcar membership already', 0),
	('9179BBD2:1515496927404', 'GxAvUG0BTq:1496046639003', 39, 1515497165, 1515748201, 'Contact name can be read only - implement logic', 1),
	('9179BBD2:1515496936853', 'GxAvUG0BTq:1496046639003', 39, 1515497175, 1515748200, 'Supplier name can be populated - implement logic', 1),
	('9179BBD2:1515496970460', 'GxAvUG0BTq:1496046639003', 39, 1515497208, 1515748199, 'Company name can be read only - implement logic', 1),
	('9179BBD2:1515497013483', 'GxAvUG0BTq:1496046639003', 39, 1515497251, 1515748197, 'Email address can be read only', 1),
	('9179BBD2:1515497016899', 'GxAvUG0BTq:1496046639003', 39, 1515497255, 1515748196, 'Email address can be populated', 1),
	('9179BBD2:1515582254331', 'GxAvUG0BTq:1496046639003', 39, 1515582487, 1515748203, 'Fix showRevenuesShare', 1),
	('9179BBD2:1515670502213', 'GxAvUG0BTq:1496046639003', 39, 1515670796, 1515760261, 'String interpolation - use it', 1),
	('9179BBD2:1515670567941', 'GxAvUG0BTq:1496046639003', 39, 1515670861, 1515760260, 'Spaces between properties', 1),
	('9179BBD2:1515670633675', 'GxAvUG0BTq:1496046639003', 39, 1515670927, 1515760259, 'Singular things from lists to have "Item" suffix if they are not domain models.', 1),
	('9179BBD2:1515670838764', 'GxAvUG0BTq:1496046639003', 39, 1515671132, 1515760257, 'use assignListeners instead of bindEvents', 1),
	('9179BBD2:1516207001553', 'GxAvUG0BTq:1496046639003', 39, 1516207314, 1516209588, 'Use the real throbber', 1),
	('9179BBD2:1516207050063', 'GxAvUG0BTq:1496046639003', 39, 1516207362, 1516209741, 'Add supplier to panel service type in CAPS - don\'t do it!', 1),
	('9179BBD2:1516207101233', 'GxAvUG0BTq:1496046639003', 39, 1516207413, 1516210095, 'Email notification message on change referral fee modal is missing', 1),
	('9179BBD2:1516207127777', 'GxAvUG0BTq:1496046639003', 39, 1516207440, 1516210096, 'Change wording on buttons of change referral fee modal', 1),
	('9179BBD2:1516207160968', 'GxAvUG0BTq:1496046639003', 39, 1516207473, 1516210174, 'Unnecessary space at top of remove modal', 1),
	('9179BBD2:1516207236096', 'GxAvUG0BTq:1496046639003', 39, 1516207548, 1516207548, 'Breadcrumbs - add them', 0),
	('9179BBD2:1516207279919', 'GxAvUG0BTq:1496046639003', 39, 1516207592, 1516263298, 'Add "<ServiceType> Panel" Heading', 1),
	('9179BBD2:1516207419145', 'GxAvUG0BTq:1496046639003', 39, 1516207731, 1516263773, 'Make grey bars above listings equal height', 1),
	('9179BBD2:1516268300495', 'GxAvUG0BTq:1496046639003', 39, 1516268611, 1516284776, 'Filter out deleted branch', 1),
	('9179BBD2:1516268596228', 'GxAvUG0BTq:1496046639003', 39, 1516268906, 1516268906, 'Check css for slim scroll scrollbar', 0),
	('9179BBD2:1516272857261', 'GxAvUG0BTq:1496046639003', 39, 1516273168, 1516273168, 'Put some comments in around refreshSupplierList why things are structured as they are.', 0),
	('94023CA1:1504456168638', 'GxAvUG0BTq:1496047506920', 39, 1504456178, 1505199379, 'Improve setting a ToDo as Done by using an SetTodoDoneCommand instead of updating the whole todo item.', 1),
	('DF113177:1505079296717', 'GxAvUG0BTq:1496047506920', 39, 1505079299, 1505079337, 'Add syncing icon that animates when we\'re syncing.', 1),
	('GxAvUG0BTq:1495963030701', 'GxAvUG0BTq:1495958961054', 39, 1503910460, 1503910460, 'Testing adding a new todo item.', 1),
	('GxAvUG0BTq:1495963090501', 'GxAvUG0BTq:1495958961054', 39, 1503910460, 1503910460, 'Feed the fish', 1),
	('GxAvUG0BTq:1495963095725', 'GxAvUG0BTq:1495958961054', 39, 1503910460, 1503910460, 'Do what you need to do', 1),
	('GxAvUG0BTq:1495963750226', 'GxAvUG0BTq:1495958961054', 39, 1503910460, 1503910460, 'Go for a walk whilst you had time silly', 1),
	('GxAvUG0BTq:1495963877481', 'GxAvUG0BTq:1495958961054', 39, 1503910460, 1503910460, 'If I write a really really long todo item. If I write a really really long todo item. If I write a really really long todo item. If I write a really really long todo item. If I write a really really long todo item. If I write a really really long todo item.', 1),
	('GxAvUG0BTq:1496044230378', 'GxAvUG0BTq:1495958961054', 39, 1503910460, 1503910460, 'Another item', 1),
	('GxAvUG0BTq:1496045647764', 'GxAvUG0BTq:1495958961054', 39, 1503910465, 1503910465, 'Feed the fish', 1),
	('GxAvUG0BTq:1496047476212', 'GxAvUG0BTq:1496046639003', 39, 1503910461, 1503910461, 'I have a PSG todo', 1),
	('GxAvUG0BTq:1496136354944', 'GxAvUG0BTq:1496046639003', 39, 1503910465, 1503910465, 'Create unit tests for new events to ensure they end up writing stats', 1),
	('GxAvUG0BTq:1496137845922', 'GxAvUG0BTq:1496046639003', 39, 1503910465, 1503910465, 'Implement Paul\'s command interface in the abstract stats class', 1),
	('GxAvUG0BTq:1496138224980', 'GxAvUG0BTq:1496046639003', 39, 1503910461, 1503910461, 'Remove quoteIdent code', 1),
	('GxAvUG0BTq:1496139084011', 'GxAvUG0BTq:1496046639003', 39, 1503910464, 1503910464, 'Remove sprintf from agentStatsRepo', 1),
	('GxAvUG0BTq:1496139222412', 'GxAvUG0BTq:1496046639003', 39, 1503910462, 1503910462, 'Bug in the billing() method in the hydrators?', 1),
	('GxAvUG0BTq:1496146469783', 'GxAvUG0BTq:1496046639003', 39, 1503910464, 1503910464, 'Ensure whatever uses the StatsService is switched to use agentStatsServer - this is where the command for customerCreated will be handled', 1),
	('GxAvUG0BTq:1496151238353', 'GxAvUG0BTq:1496046639003', 39, 1503910463, 1503910463, 'Implement spinners for loading', 1),
	('GxAvUG0BTq:1496151442171', 'GxAvUG0BTq:1496046639003', 39, 1503910461, 1503910461, 'Remove constant statsAgent so doesn\'t appear in end point', 1),
	('GxAvUG0BTq:1496151549836', 'GxAvUG0BTq:1496046639003', 39, 1503910463, 1503910463, 'Fix bug with date ranges when page refreshed and dates in URL', 1),
	('GxAvUG0BTq:1496151634199', 'GxAvUG0BTq:1496046639003', 39, 1503910463, 1503910463, 'Current selected in date picker and then try and do custom for today, doesn\'t work', 1),
	('GxAvUG0BTq:1496152056077', 'GxAvUG0BTq:1496046639003', 39, 1503910461, 1503910461, 'Bug when disabling service for country - 500 error', 1),
	('GxAvUG0BTq:1496152234171', 'GxAvUG0BTq:1496046639003', 39, 1503910463, 1503910463, 'Discrepancies in the command log when enabling / disabling', 1),
	('GxAvUG0BTq:1496152368618', 'GxAvUG0BTq:1496046639003', 39, 1503910461, 1503910461, 'Enabling agent branch failed', 1),
	('GxAvUG0BTq:1496152458510', 'GxAvUG0BTq:1496046639003', 39, 1503910464, 1503910464, 'Check stats after delete agent,  activate branch, activate user, activate agent, re-enabling things not appearing in services logs', 1),
	('GxAvUG0BTq:1496213330802', 'GxAvUG0BTq:1496047506920', 39, 1503910462, 1503955057, 'Add Workspace aadd and delete into the menu', 1),
	('GxAvUG0BTq:1496213356282', 'GxAvUG0BTq:1496047506920', 39, 1503910462, 1503910462, 'Change to-do item textarea to multiline, and support adding via enter button if possible.', 1),
	('GxAvUG0BTq:1496213792522', 'GxAvUG0BTq:1495958961054', 39, 1503910462, 1503910462, 'This is not a multiline item', 1),
	('GxAvUG0BTq:1496213812193', 'GxAvUG0BTq:1495958961054', 39, 1503910462, 1503910462, 'Hello world. This is going great, don\'t you think so?', 1),
	('GxAvUG0BTq:1496213872970', 'GxAvUG0BTq:1495958961054', 39, 1503910462, 1503910462, 'Is this the new version?', 1),
	('GxAvUG0BTq:1496326352807', 'GxAvUG0BTq:1496046639003', 39, 1503910464, 1503910464, 'logAgentCompany - duplicate methods - remove', 1),
	('GxAvUG0BTq:1496327418284', 'GxAvUG0BTq:1496046639003', 39, 1503910464, 1503910464, 'Make a ticket to discuss MV-1603 with Ed - should this report actually exist?', 1),
	('GxAvUG0BTq:1496328047464', 'GxAvUG0BTq:1496046639003', 39, 1503910463, 1503910463, 'firstBranch to lastBranch', 1),
	('GxAvUG0BTq:1496329947545', 'GxAvUG0BTq:1496046639003', 39, 1503910465, 1503910465, 'move agentCompanyEngaged command to service creation', 1),
	('GxAvUG0BTq:1496394379842', 'GxAvUG0BTq:1496046639003', 39, 1503910463, 1503910463, 'Check instances of "new CustomerCreatedEvent" and ensure parameters are correct', 1),
	('GxAvUG0BTq:1499350461646', 'GxAvUG0BTq:1496046639003', 39, 1503910465, 1503910465, 'CreateReferralEventBagFromReferral in abstract', 1),
	('GxAvUG0BTq:1499768453632', 'GxAvUG0BTq:1496046639003', 39, 1503910465, 1503910465, 'Go through hydrators and ensure we\'re setting timestamps correctly', 1),
	('GxAvUG0BTq:1501069057448', 'GxAvUG0BTq:1496046639003', 39, 1503910466, 1503910466, 'Be VERY sure not to comit current link to my repo for DUMPr', 1),
	('GxAvUG0BTq:1501761845626', 'GxAvUG0BTq:1496046639003', 39, 1503910466, 1503910466, 'uploadLogosToS3 - use DI for getting LogoService', 1),
	('GxAvUG0BTq:1501761918715', 'GxAvUG0BTq:1496046639003', 39, 1503910466, 1503910466, 'No need for directory check - isImage is enough', 1),
	('GxAvUG0BTq:1501762124938', 'GxAvUG0BTq:1496046639003', 39, 1503910466, 1503910466, 'make isFirstCharacterSlash private', 1),
	('GxAvUG0BTq:1501762179226', 'GxAvUG0BTq:1496046639003', 39, 1503910466, 1503910466, 'Possibly get rid of is_dir', 1),
	('GxAvUG0BTq:1501762209609', 'GxAvUG0BTq:1496046639003', 39, 1503910466, 1503910466, 'Try/catch wrap around whole method', 1),
	('GxAvUG0BTq:1501762299786', 'GxAvUG0BTq:1496046639003', 39, 1503910467, 1503910467, 'Change controller method to protected', 1),
	('GxAvUG0BTq:1501762569075', 'GxAvUG0BTq:1496046639003', 39, 1503910467, 1503910467, 'Change file constructor to use absolute path', 1),
	('GxAvUG0BTq:1501762651403', 'GxAvUG0BTq:1496046639003', 39, 1503910467, 1503910467, 'Move it core should be 2.3.22 (check which version is latest)', 1),
	('GxAvUG0BTq:1502788730241', 'GxAvUG0BTq:1496046639003', 39, 1503910467, 1503910971, 'Raise productivity issue in retro. Some discussions held during sprint planning (i.e buckets) are not really relevant to the whole team (i.e. Ed, Laura, Chris, Ben all losing time - maybe should happen before or after?).', 1);
/*!40000 ALTER TABLE `todo` ENABLE KEYS */;

-- Dumping structure for table cloudpad.token
CREATE TABLE IF NOT EXISTS `token` (
  `tokenCode` varchar(50) NOT NULL,
  `ipAddress` varchar(255) NOT NULL COMMENT 'The users IP address',
  `userAgent` text DEFAULT NULL,
  `prefix` varchar(10) NOT NULL COMMENT 'Keys to the prefix table',
  `expiresAt` bigint(20) NOT NULL COMMENT 'The date/time the token expires',
  `usrId` int(10) unsigned NOT NULL,
  PRIMARY KEY (`tokenCode`),
  KEY `fk_tokens_prefix_idx` (`prefix`),
  KEY `fk_token_usrId_idx` (`usrId`),
  CONSTRAINT `fk_token_usrId` FOREIGN KEY (`usrId`) REFERENCES `usr` (`usrId`) ON DELETE CASCADE ON UPDATE NO ACTION,
  CONSTRAINT `fk_tokens_prefix` FOREIGN KEY (`prefix`) REFERENCES `prefix` (`prefix`) ON DELETE CASCADE ON UPDATE NO ACTION
) ENGINE=InnoDB DEFAULT CHARSET=utf8mb4;

-- Dumping data for table cloudpad.token: ~125 rows (approximately)
/*!40000 ALTER TABLE `token` DISABLE KEYS */;
INSERT INTO `token` (`tokenCode`, `ipAddress`, `userAgent`, `prefix`, `expiresAt`, `usrId`) VALUES
	('0FnJQJnYUCH7fQl2uadROE05Wr0HP', '192.168.1.5', 'CloudPad-Desktop/1.0', '9179BBD2', 1509475310, 39),
	('0lnKibSANHiTELgmR8fjInRahLqnP', '82.1.127.165', 'CloudPad-Desktop/1.0', '9179BBD2', 1515664933, 39),
	('0LRESlam4zC80yrQORgrRMet4t5q3', '192.168.1.3', 'CloudPad-Desktop/1.0', '9179BBD2', 1509755767, 39),
	('15OqcAPIYCrceZAWaXK5EhFXEc8kF', '82.1.127.165', 'CloudPad-Desktop/1.0', '9179BBD2', 1512643236, 39),
	('2FMarbhSn3zRCu7P5MsVwu1OD6173', '82.1.127.165', 'CloudPad-Desktop/1.0', '9179BBD2', 1515170598, 39),
	('2uLrnceyvT0xlhstTfQoVUfFNxEzD', '82.6.185.216', 'CloudPad-Desktop/1.0', '9179BBD2', 1509820788, 39),
	('3veC2ZcCS0teXVHsPDYXsMKm07EJn', '82.1.127.165', 'CloudPad-Desktop/1.0', '9179BBD2', 1513537864, 39),
	('4CApxaPXXf4EsqbOJ8HrzuKpBqTIN', '82.1.127.165', 'CloudPad-Desktop/1.0', '9179BBD2', 1516319576, 39),
	('4QwECydssNO3hBrIgHckrFdpHUCmP', '192.168.1.3', 'CloudPad-Desktop/1.0', '9179BBD2', 1509570885, 39),
	('5LU6zQNEIWr1B6oFnclNHbcvED5WQ', '82.1.127.165', 'CloudPad-Desktop/1.0', '9179BBD2', 1515506141, 39),
	('5Pd7HY3TCydHgn2sjeM6b3znHoj2i', '192.168.1.3', 'CloudPad-Desktop/1.0', '9179BBD2', 1509727275, 39),
	('72a7ZDq3vcnLkB5SOZbk0LZ5Vwc0K', '192.168.1.3', 'CloudPad-Desktop/1.0', '9179BBD2', 1509557512, 39),
	('7epofHjMItaHh6MyRtdCSTlHCWZkM', '82.1.127.165', 'CloudPad-Desktop/1.0', '9179BBD2', 1516455423, 39),
	('8dem4LtsKH4CBo4PMjSnoBQLI2whR', '82.1.127.165', 'CloudPad-Desktop/1.0', '9179BBD2', 1512391551, 39),
	('8jaQvvbPoyep3kXiu6czWuoSjUm4W', '82.1.127.165', 'CloudPad-Desktop/1.0', '9179BBD2', 1516267373, 39),
	('a8IZeYrMOOi82BRhn4oh1cmzE0mqj', '192.168.1.5', 'CloudPad-Desktop/1.0', '9179BBD2', 1509487467, 39),
	('agbIDNnDuylRjOYcMLTDHFgVHdBVT', '82.1.127.165', 'CloudPad-Desktop/1.0', '9179BBD2', 1514067689, 39),
	('AgyqF0oHEReUhppMkjpcgPdlU5igz', '82.1.127.165', 'CloudPad-Desktop/1.0', '9179BBD2', 1512490435, 39),
	('AH00y0vhenpdFh5Ct6QCqzCOoqNjQ', '82.1.127.165', 'CloudPad-Desktop/1.0', '9179BBD2', 1512557283, 39),
	('ajCl3k4En4D6FHsDHhVRNhzHRyLjF', '82.6.185.216', 'CloudPad-Desktop/1.0', '9179BBD2', 1510915514, 39),
	('AYjvp5QMy6k31e2UVffvAVZdzEyju', '217.138.122.53', 'CloudPad-Desktop/1.0', '9179BBD2', 1512139186, 39),
	('bJB3PbfV8MRVHglVQTEIUUgRjVhUQ', '82.6.185.216', 'CloudPad-Desktop/1.0', '9179BBD2', 1510863270, 39),
	('brAt5s7oAz5Zipnn5vRKoIFjgJO0e', '82.6.185.216', 'CloudPad-Desktop/1.0', '9179BBD2', 1511092774, 39),
	('c5qHBBLOZxPTsBnbwagPIvRIzqtWU', '82.1.127.165', 'CloudPad-Desktop/1.0', '9179BBD2', 1512994302, 39),
	('cE2dyHyEeA8KOq8cDHg2mcAB0SdHs', '82.1.127.165', 'CloudPad-Desktop/1.0', '9179BBD2', 1512054669, 39),
	('CoqtsrpA2HLIl0Z2ZHfYx3bdU4aRk', '82.6.185.216', 'CloudPad-Desktop/1.0', '9179BBD2', 1510414383, 39),
	('cUNtmDjDduuk5bMCV4kcJrzQE6UVW', '82.6.185.216', 'CloudPad-Desktop/1.0', '9179BBD2', 1509962037, 39),
	('D0PZ5fXUyNzbYFl2xHmedkumLleat', '192.168.1.5', 'CloudPad-Desktop/1.0', '9179BBD2', 1508799923, 39),
	('dahf4crONfe565HYe58BYws7hWPtg', '82.1.127.165', 'CloudPad-Desktop/1.0', '9179BBD2', 1515605150, 39),
	('DBkK6JqvbvHzp82SNHaMH1d8d3fTE', '82.6.185.216', 'CloudPad-Desktop/1.0', '9179BBD2', 1511370623, 39),
	('e0DN186RAE8Ag6UA6EUUao45FSxxj', '192.168.1.5', 'CloudPad-Desktop/1.0', 'FE1A26A6', 1508956051, 39),
	('e8B5eJ3LVDHF0BitvLHd1L4f2DgUs', '82.6.185.216', 'CloudPad-Desktop/1.0', '9179BBD2', 1510316386, 39),
	('ec78W72npOcwU1CXZCThOSwXoZeFY', '82.6.185.216', 'CloudPad-Desktop/1.0', '9179BBD2', 1509975678, 39),
	('eFkkg63bH5NEE1BbpEgmJMh4KHXDy', '82.6.185.216', 'CloudPad-Desktop/1.0', '9179BBD2', 1509991853, 39),
	('ETeJI3lnnotHqAPhS1jFB8H030x1q', '82.1.127.165', 'CloudPad-Desktop/1.0', '9179BBD2', 1515702365, 39),
	('FH1LNiEHghccqFDCh2hM1qKdfjRb4', '82.6.185.216', 'CloudPad-Desktop/1.0', '9179BBD2', 1510236822, 39),
	('FUkbOcTXKLI7rAuaoce2mx385w0vu', '82.1.127.165', 'CloudPad-Desktop/1.0', '9179BBD2', 1513016529, 39),
	('fwo5OzxKsw1hlr6fisYukgYXgwzUq', '192.168.1.3', 'CloudPad-Desktop/1.0', '9179BBD2', 1509707655, 39),
	('FzRp6ZxrpPomzZs7Q8UbVvnFOLnjV', '82.1.127.165', 'CloudPad-Desktop/1.0', '9179BBD2', 1512738044, 39),
	('gRjnsziv5LeLHHTvIvOX6Mu2jR1FS', '192.168.1.5', 'CloudPad-Desktop/1.0', '9179BBD2', 1509469475, 39),
	('grmYbz7m4cDkiIeXZLsbLC2rUZuqy', '82.1.127.165', 'CloudPad-Desktop/1.0', '9179BBD2', 1515773768, 39),
	('HPhM48xslLHLA7Ve6gxNCYRaKMuwA', '82.6.185.216', 'CloudPad-Desktop/1.0', '9179BBD2', 1511462371, 39),
	('huu7h0bUJzBSbvHzmA4kYUNt6bIHL', '82.6.185.216', 'CloudPad-Desktop/1.0', '9179BBD2', 1510847283, 39),
	('HxHrHC7ghEfF5zB5gAyWalTv5oZ5s', '82.1.127.165', 'CloudPad-Desktop/1.0', '9179BBD2', 1513189996, 39),
	('hZBOhCRHv0dCWJA6NCwzYAKH4dyiS', '82.6.185.216', 'CloudPad-Desktop/1.0', '9179BBD2', 1510169140, 39),
	('I0NjtDubmOcB2ISEC3hwHhbLeDTw8', '82.6.185.216', 'CloudPad-Desktop/1.0', '9179BBD2', 1510137513, 39),
	('injdefvCIvhHbOurBf1Hzz3kXeUOY', '82.6.185.216', 'CloudPad-Desktop/1.0', '9179BBD2', 1511001231, 39),
	('J5rHqyvOvwNcTz8jUUAbTBWckPdiH', '82.1.127.165', 'CloudPad-Desktop/1.0', '9179BBD2', 1516115085, 39),
	('jkJK2s34Z8fV7Eknwpbd5IugUu2gn', '192.168.1.5', 'CloudPad-Desktop/1.0', '9179BBD2', 1509443886, 39),
	('JOCbVzFJeV8cb4zEEszzmBRFAq2j3', '82.1.127.165', 'CloudPad-Desktop/1.0', '9179BBD2', 1513770557, 39),
	('JpubmHX3AlINwLDRJHsQQLcqFxdcb', '82.1.127.165', 'CloudPad-Desktop/1.0', '9179BBD2', 1513510431, 39),
	('kB2aUUKfDqBP2r5JQKjt1OkxSq0n8', '192.168.1.3', 'CloudPad-Desktop/1.0', '9179BBD2', 1509721486, 39),
	('kQkkF53Qzfo33fQvnVgvsfVwDZvj5', '82.6.185.216', 'CloudPad-Desktop/1.0', '9179BBD2', 1509968525, 39),
	('L0MX3yMWcMhym3LRt1hXI0QUTtiMx', '82.1.127.165', 'CloudPad-Desktop/1.0', '9179BBD2', 1514926863, 39),
	('l4jKWEhboxwRg7MQfzBV2uwxZn7Ah', '82.6.185.216', 'CloudPad-Desktop/1.0', '9179BBD2', 1509919870, 39),
	('ldvEXlHlulJ8Cw0W4fF3a2dhwNB1l', '82.6.185.216', 'CloudPad-Desktop/1.0', '9179BBD2', 1511431528, 39),
	('LhfswP8mwC4kPlzHrSVJdOEsxtEhw', '82.1.127.165', 'CloudPad-Desktop/1.0', '5CCD8F3A', 1514066195, 39),
	('ljlRHap0fO16MWhsuL1OwXkvHXkNH', '82.1.127.165', 'CloudPad-Desktop/1.0', '9179BBD2', 1513095191, 39),
	('Lrfn6kQRb4zWUMmJZIJRh4rWBMN6L', '82.1.127.165', 'CloudPad-Desktop/1.0', '9179BBD2', 1516471173, 39),
	('MSxonv1HUVrgqyXoHR7H6Wppgdmu6', '82.1.127.165', 'CloudPad-Desktop/1.0', '9179BBD2', 1512904814, 39),
	('mtFeqRsBhbCuY0egSBHJJrtDRkCDE', '192.168.1.5', 'CloudPad-Desktop/1.0', '9179BBD2', 1509232446, 39),
	('mv7cgZbBHJdJfxhJTYtaDaXASlqkE', '192.168.1.5', 'CloudPad-Desktop/1.0', '9179BBD2', 1509040373, 39),
	('MyjT3YHDIdfgsOHO62TwwTMAqwfgn', '82.6.185.216', 'CloudPad-Desktop/1.0', '9179BBD2', 1510945108, 39),
	('NgUeJ7HJWHB7wzlDWNDQNViRCux0x', '192.168.1.3', 'CloudPad-Desktop/1.0', '9179BBD2', 1509577444, 39),
	('nqRe7xrLHHCAjpNQfqypJhdhMzEde', '82.1.127.165', 'CloudPad-Desktop/1.0', '9179BBD2', 1513156690, 39),
	('o3xFgHj0xEVYyc226JbJJNsaZ4vFI', '82.6.185.216', 'CloudPad-Desktop/1.0', '9179BBD2', 1511456374, 39),
	('OHJRSMg81zjKkxpaICJyJPVwyOYPg', '192.168.1.5', 'CloudPad-Desktop/1.0', '9179BBD2', 1509021698, 39),
	('OMHDgSqsSs0ibbYk6NHIyuP82k4hw', '82.1.127.165', 'CloudPad-Desktop/1.0', '9179BBD2', 1512413273, 39),
	('P1FbMMPqBaHYPrSEJBji5EHW6ZhRu', '82.6.185.216', 'CloudPad-Desktop/1.0', '9179BBD2', 1510938288, 39),
	('Pcs30n4IM3sMY5o7M5fnIHxoO7LyY', '176.12.107.140', 'CloudPad-Desktop/1.0', '9179BBD2', 1512124103, 39),
	('PHbVLZXhvczyvTOE2D1ErRNcJR44T', '82.6.185.216', 'CloudPad-Desktop/1.0', '9179BBD2', 1510060544, 39),
	('phxe74lmuBlRme1Mdval44IomyomV', '82.6.185.216', 'CloudPad-Desktop/1.0', '9179BBD2', 1510160127, 39),
	('pRhOyFcoKF1qS7HOL3r8HVTwluP5d', '82.1.127.165', 'CloudPad-Desktop/1.0', '9179BBD2', 1515674732, 39),
	('PTQ4bRbDvK1rEy01ZrM30PxUtMQbM', '82.6.185.216', 'CloudPad-Desktop/1.0', '9179BBD2', 1509884605, 39),
	('pu7uZxx4jLQhSr5bCiuuHeEHU00DZ', '82.6.185.216', 'CloudPad-Desktop/1.0', '9179BBD2', 1510486177, 39),
	('PuNJWR81OYru61ZTUqNJ5la8nM01J', '82.1.127.165', 'CloudPad-Desktop/1.0', '9179BBD2', 1516276768, 39),
	('qCXU70THBl5MzVQA0xYH5KDqfiWD0', '82.1.127.165', 'CloudPad-Desktop/1.0', '9179BBD2', 1516028140, 39),
	('qQFMFCn3KIk0fBZKMziZwJNgqHD86', '82.1.127.165', 'CloudPad-Desktop/1.0', '9179BBD2', 1515747856, 39),
	('qqY1CJZ1ndWK1WyOXMxdA2CSiRJwN', '82.1.127.165', 'CloudPad-Desktop/1.0', '9179BBD2', 1515150963, 39),
	('R0hDMbgy0sXs8EsUaiYORp8qso4zh', '82.1.127.165', 'CloudPad-Desktop/1.0', '9179BBD2', 1512657577, 39),
	('r8pWHJJK8tQ6DNSMTes8Nlkj5i6TM', '82.6.185.216', 'CloudPad-Desktop/1.0', '9179BBD2', 1510870967, 39),
	('rKOKucjS8R68N172p6ojayz8xzei8', '82.1.127.165', 'CloudPad-Desktop/1.0', '9179BBD2', 1515539469, 39),
	('rZxPle3SHCApEcmXqCtOp1mQW6YRY', '82.1.127.165', 'CloudPad-Desktop/1.0', '9179BBD2', 1516301051, 39),
	('s17UDp3smjgRhlrIpoXuPgMzyvqgH', '192.168.1.5', 'CloudPad-Desktop/1.0', 'FE1A26A6', 1508799870, 39),
	('S2RopSiCh2HxiHSHOBhCsriLiE6i4', '82.1.127.165', 'CloudPad-Desktop/1.0', '9179BBD2', 1513104175, 39),
	('SbEJ8clfDjFoXhxsntRHbqtxn55Dg', '82.1.127.165', 'CloudPad-Desktop/1.0', '9179BBD2', 1515751803, 39),
	('sdh56bCR5b6nKwZbVv1MLPAEZPzs4', '192.168.1.5', 'CloudPad-Desktop/1.0', '9179BBD2', 1508799958, 39),
	('sizB4C4XQZ7xJR30ez45BINwYRcUO', '82.1.127.165', 'CloudPad-Desktop/1.0', '9179BBD2', 1516288376, 39),
	('SUaqYPuaolTZecMrHESWTt7voXQjZ', '82.1.127.165', 'CloudPad-Desktop/1.0', '9179BBD2', 1512607698, 39),
	('sUjsRi5rIDSiOeAVjKZTFAfqBxAaj', '82.1.127.165', 'CloudPad-Desktop/1.0', '9179BBD2', 1515927863, 39),
	('TMweschZCLHqzkSgjVFtjZNelYEz2', '82.6.185.216', 'CloudPad-Desktop/1.0', '9179BBD2', 1510013044, 39),
	('TQtedbPd1la6yDlDr1wEaHT7CvYSH', '82.1.127.165', 'CloudPad-Desktop/1.0', '9179BBD2', 1515427356, 39),
	('TSqpbdiJ7vLHkge5qFXNeVRXbRnpz', '192.168.1.3', 'CloudPad-Desktop/1.0', '9179BBD2', 1509540135, 39),
	('TVz1gyxSy23Hh4OowJ66CgU6mAo3m', '82.6.185.216', 'CloudPad-Desktop/1.0', '9179BBD2', 1511177540, 39),
	('tZFHHLnYczNQkIHuQcsCg0CrLypOZ', '192.168.1.5', 'CloudPad-Desktop/1.0', '9179BBD2', 1509410395, 39),
	('UchvccgpD3kzLhB4jitLZCdQS5Nrf', '82.6.185.216', 'CloudPad-Desktop/1.0', '9179BBD2', 1510829777, 39),
	('uJsNmhDP8EVXxocFMSYEFe1RNB4tR', '82.1.127.165', 'CloudPad-Desktop/1.0', '9179BBD2', 1513168271, 39),
	('Un7k4bSZ1rlLYuw8dA06rgZ6BXlc5', '82.1.127.165', 'CloudPad-Desktop/1.0', '9179BBD2', 1514902536, 39),
	('uywfxqXYTggQtCUL1ZKwrYT7IAuhO', '82.1.127.165', 'CloudPad-Desktop/1.0', '9179BBD2', 1515766723, 39),
	('V2mOrYw8FLadhbk8P7I07UoT87QqE', '82.6.185.216', 'CloudPad-Desktop/1.0', '9179BBD2', 1511559116, 39),
	('VXXHRLPg5B2ITYt0hcbb6kmHZqqBe', '192.168.1.5', 'CloudPad-Desktop/1.0', '9179BBD2', 1508972806, 39),
	('wgxZqyPMzEPac224Hb22Ib0mIU5kD', '82.6.185.216', 'CloudPad-Desktop/1.0', '9179BBD2', 1510909039, 39),
	('WHKo26cNRa0gWJkZTiaafUhd6gKrB', '82.1.127.165', 'CloudPad-Desktop/1.0', '9179BBD2', 1515586087, 39),
	('wT88EKsOVBljTenHIjOpCD5i4LiZB', '82.1.127.165', 'CloudPad-Desktop/1.0', '9179BBD2', 1516186517, 39),
	('wwVFtKq3JThDmfU0UyPau6LHuZWH4', '82.1.127.165', 'CloudPad-Desktop/1.0', '9179BBD2', 1513987881, 39),
	('wyKlzI3hg8biZMxITI4tUOX12d6Qk', '82.1.127.165', 'CloudPad-Desktop/1.0', '9179BBD2', 1514029319, 39),
	('x6uLn0kpOp3oMVczHDwprzVVl7bU7', '82.1.127.165', 'CloudPad-Desktop/1.0', '9179BBD2', 1512751385, 39),
	('x7pqj4FmKlIgQv0Iy1TSkTcPobDYW', '82.1.127.165', 'CloudPad-Desktop/1.0', '9179BBD2', 1512727636, 39),
	('xBSSqQIf2SDoZz8bjgDspzRdBsmNi', '82.6.185.216', 'CloudPad-Desktop/1.0', '9179BBD2', 1510933446, 39),
	('xFkcRg2XRxgRFQKKf8D3Ex38T4Hqf', '82.1.127.165', 'CloudPad-Desktop/1.0', '9179BBD2', 1513876542, 39),
	('XmoaVq7rNItnp8yRSYyqRRgqFsVKq', '82.1.127.165', 'CloudPad-Desktop/1.0', '9179BBD2', 1516272506, 39),
	('XPOit6S7fOw2XIJsaBDJdd2neP1L2', '82.6.185.216', 'CloudPad-Desktop/1.0', '9179BBD2', 1509896435, 39),
	('xTA43wD6DVVrCwIcXOstHfAt4P4dX', '82.1.127.165', 'CloudPad-Desktop/1.0', '9179BBD2', 1512298912, 39),
	('xwlYlT3HOVVlrIEU5ANSKbE0wFnyQ', '82.1.127.165', 'CloudPad-Desktop/1.0', '9179BBD2', 1514749195, 39),
	('Xz6870hV5ljZjERIOPSuJPDbotVeE', '82.6.185.216', 'CloudPad-Desktop/1.0', '9179BBD2', 1510953202, 39),
	('xZi0XH8qZ0MzQxBDsaunIMad1WJFi', '82.1.127.165', 'CloudPad-Desktop/1.0', '9179BBD2', 1512990589, 39),
	('y3mAtSWHfOPMjVEfqROF0LTvhKyVy', '82.6.185.216', 'CloudPad-Desktop/1.0', '9179BBD2', 1510269468, 39),
	('YAyfECrbAWWjnuAh1tw6xEDZErZRm', '82.1.127.165', 'CloudPad-Desktop/1.0', '9179BBD2', 1514991727, 39),
	('yEL6ibiVjxBolf4dnrJcHplWY8rYY', '82.6.185.216', 'CloudPad-Desktop/1.0', '9179BBD2', 1511187106, 39),
	('YFsUKpl7cKxK8B8hj1HYtF4MCASuY', '192.168.1.5', 'CloudPad-Desktop/1.0', 'FE1A26A6', 1508951839, 39),
	('z0z51S5ukmiM5viHFCxmCN8jL2R7p', '192.168.1.5', 'CloudPad-Desktop/1.0', 'FE1A26A6', 1508968102, 39),
	('zBl0rwtQ4ioXZTtq02FMXm1eNlQ5I', '82.1.127.165', 'CloudPad-Desktop/1.0', '9179BBD2', 1513095213, 39),
	('ZbrFOriXVt7LcfR4ZZKZijPN18HkH', '82.1.127.165', 'CloudPad-Desktop/1.0', '9179BBD2', 1516213774, 39),
	('zlTdewfWV0H7iqH1JLy8HZaH4k0QH', '82.6.185.216', 'CloudPad-Desktop/1.0', '9179BBD2', 1509986995, 39),
	('ZwS4YMgHp1CgD8ZwoCsD17qaCebAw', '82.6.185.216', 'CloudPad-Desktop/1.0', '9179BBD2', 1511278144, 39);
/*!40000 ALTER TABLE `token` ENABLE KEYS */;

-- Dumping structure for table cloudpad.usr
CREATE TABLE IF NOT EXISTS `usr` (
  `usrId` int(10) unsigned NOT NULL AUTO_INCREMENT,
  `email` varchar(255) NOT NULL,
  `password` varchar(150) NOT NULL,
  `firstName` varchar(255) NOT NULL,
  `lastName` varchar(255) NOT NULL,
  `newPasswordPin` int(10) unsigned DEFAULT NULL,
  `newPassword` varchar(150) DEFAULT NULL COMMENT 'Used to store the hash of the intended login password after a password reset request',
  `deleted` smallint(6) NOT NULL DEFAULT 0,
  PRIMARY KEY (`usrId`),
  UNIQUE KEY `idx_usr_email` (`email`(191))
) ENGINE=InnoDB AUTO_INCREMENT=44 DEFAULT CHARSET=utf8mb4;

-- Dumping data for table cloudpad.usr: ~7 rows (approximately)
/*!40000 ALTER TABLE `usr` DISABLE KEYS */;
INSERT INTO `usr` (`usrId`, `email`, `password`, `firstName`, `lastName`, `newPasswordPin`, `newPassword`, `deleted`) VALUES
	(28, 'tester1@chapmandigital.co.uk', '$2y$12$DNc/5jm2htKvq0iZ.eyXieAkc8.2Uva4NuGXjETd7.o9uFtjOt0au', 'Homer', 'Simpson', 46638796, '$2y$12$.paYjVJ7qTme0AUwIEwohe0cI4AfyqVpu2FGePMtp1/nGZ8S0JACm', 0),
	(29, 'andy@chapmandigital.co.uk', '$2y$12$sh1QQUCoropvwDxgi4/CZe7ciRMFd6cNRLv8A6WuPjBz2cxg.caZa', 'Andy', 'Chapman', 71687947, '$2y$12$/3slFROSjaoLVeRFU/0OuuVvZgTqSggAiCvjnKqlFT7BelnCkrblG', 0),
	(39, 'andy@andychapman.net', '$2y$12$.4joHMVjoVE1uTCEn6Tx2e735VbwnY3A/xBZm5a87AOlN0e3ruyYq', 'Andy', 'Chapman', NULL, NULL, 0),
	(40, 'the-forgotten-chapman@chapmandigital.co.uk', '$2y$12$X4DHAQ3hvPObu1cDTW1e/OlcxZUXXyhps/kO54q/RStWbY.PLBtja', 'Reginald', 'Chapman', NULL, NULL, 0),
	(41, 'r.davies@example.com', '$2y$12$Tfq3Wt/6zBOSKPa9rPX3YeMgDzDuTgrhJ8iz39CgGGLl2eibGui.S', 'Reginald', 'Davies', NULL, NULL, 0),
	(42, 'r.davies.2@example.com', '$2y$12$fv1WuiylH8Cxl7pzR9KQlO41YUSqlZQlRiLYqK3paBPJTX1/DQ4E2', 'Reginald', 'Davies', NULL, NULL, 0),
	(43, 'r.davies.3@example.com', '$2y$12$pAAQnp3PFyZdw5k5SRGB0.Ah8QJgR2rSyT9Es6NQ2FWRWbjSkomSy', 'Reginald', 'Davies', NULL, NULL, 0);
/*!40000 ALTER TABLE `usr` ENABLE KEYS */;

-- Dumping structure for table cloudpad.workspace
CREATE TABLE IF NOT EXISTS `workspace` (
  `id` varchar(45) NOT NULL,
  `usrId` int(10) unsigned NOT NULL,
  `name` varchar(255) NOT NULL,
  `lastUpdated` int(10) unsigned NOT NULL,
  `shared` smallint(5) unsigned NOT NULL DEFAULT 0 COMMENT 'Set to 1 if the workspace is shared with any other users',
  `ownerId` smallint(5) unsigned NOT NULL COMMENT 'The id of the user who owns the workspace - this may be different to the user who created it',
  `dataLastModified` int(10) unsigned DEFAULT 0 COMMENT 'The timestamp of when any data within this workspace was last modified',
  PRIMARY KEY (`id`),
  KEY `idxWorkspaceUsrId` (`usrId`)
) ENGINE=InnoDB DEFAULT CHARSET=utf8mb4;

-- Dumping data for table cloudpad.workspace: ~7 rows (approximately)
/*!40000 ALTER TABLE `workspace` DISABLE KEYS */;
INSERT INTO `workspace` (`id`, `usrId`, `name`, `lastUpdated`, `shared`, `ownerId`, `dataLastModified`) VALUES
	('02DD6A2A:12345', 29, 'AWESOME Workspace', 1503149401, 0, 29, 0),
	('873784ED:1504129579796', 39, 'Personal', 1504130088, 0, 39, 1516315976),
	('9179BBD2:1514062016093', 39, 'Kwork', 1514062248, 0, 39, 1514741995),
	('GxAvUG0BTq:1495958961054', 39, 'Default Workspace', 1503908710, 0, 39, 1509406775),
	('GxAvUG0BTq:1496046639003', 39, 'PSG', 1503908711, 0, 39, 1516297451),
	('GxAvUG0BTq:1496046754834', 39, 'Billbot', 1503908711, 0, 39, 1511089145),
	('GxAvUG0BTq:1496047506920', 39, 'CloudPad', 1503908711, 0, 39, 1509916286);
/*!40000 ALTER TABLE `workspace` ENABLE KEYS */;

-- Dumping structure for table cloudpad.workspace_invitation
CREATE TABLE IF NOT EXISTS `workspace_invitation` (
  `usrId` int(10) unsigned NOT NULL,
  `workspaceId` varchar(45) NOT NULL,
  `invitationPin` int(10) unsigned NOT NULL COMMENT 'The pin number that the user must enter to accept the invitation',
  `numberOfIncorrectPinAttempts` smallint(6) NOT NULL DEFAULT 0 COMMENT 'The number of times that the user has attmped to enter the pin unsuccessfully',
  `createdStamp` int(10) NOT NULL COMMENT 'The timestamp of when the invitation was created',
  PRIMARY KEY (`usrId`,`workspaceId`),
  KEY `idxWorkspaceId` (`workspaceId`)
) ENGINE=InnoDB DEFAULT CHARSET=utf8mb4;

-- Dumping data for table cloudpad.workspace_invitation: ~0 rows (approximately)
/*!40000 ALTER TABLE `workspace_invitation` DISABLE KEYS */;
/*!40000 ALTER TABLE `workspace_invitation` ENABLE KEYS */;

-- Dumping structure for table cloudpad.workspace_usr
CREATE TABLE IF NOT EXISTS `workspace_usr` (
  `usrId` int(10) unsigned NOT NULL,
  `workspaceId` varchar(45) NOT NULL,
  `joinedStamp` int(10) NOT NULL COMMENT 'The timestamp of the user joined the workspace',
  PRIMARY KEY (`usrId`,`workspaceId`),
  KEY `idxWorkspaceId` (`workspaceId`)
) ENGINE=InnoDB DEFAULT CHARSET=utf8mb4;

-- Dumping data for table cloudpad.workspace_usr: ~0 rows (approximately)
/*!40000 ALTER TABLE `workspace_usr` DISABLE KEYS */;
/*!40000 ALTER TABLE `workspace_usr` ENABLE KEYS */;

/*!40101 SET SQL_MODE=IFNULL(@OLD_SQL_MODE, '') */;
/*!40014 SET FOREIGN_KEY_CHECKS=IF(@OLD_FOREIGN_KEY_CHECKS IS NULL, 1, @OLD_FOREIGN_KEY_CHECKS) */;
/*!40101 SET CHARACTER_SET_CLIENT=@OLD_CHARACTER_SET_CLIENT */;
