-- --------------------------------------------------------
-- Host:                         192.168.1.200
-- Server version:               10.2.9-MariaDB - MariaDB Server
-- Server OS:                    Linux
-- HeidiSQL Version:             9.4.0.5125
-- --------------------------------------------------------

/*!40101 SET @OLD_CHARACTER_SET_CLIENT=@@CHARACTER_SET_CLIENT */;
/*!40101 SET NAMES utf8 */;
/*!50503 SET NAMES utf8mb4 */;
/*!40014 SET @OLD_FOREIGN_KEY_CHECKS=@@FOREIGN_KEY_CHECKS, FOREIGN_KEY_CHECKS=0 */;
/*!40101 SET @OLD_SQL_MODE=@@SQL_MODE, SQL_MODE='NO_AUTO_VALUE_ON_ZERO' */;

-- Dumping structure for table wellrestd.commandLog
CREATE TABLE IF NOT EXISTS `commandLog` (
  `id` varchar(50) NOT NULL,
  `commandType` varchar(255) NOT NULL,
  `createdDtm` timestamp NOT NULL DEFAULT current_timestamp() ON UPDATE current_timestamp(),
  `usrId` int(10) unsigned DEFAULT NULL,
  `processingTIme` double unsigned NOT NULL,
  `lifecycle` text NOT NULL,
  `metadata` text NOT NULL,
  PRIMARY KEY (`id`)
) ENGINE=InnoDB DEFAULT CHARSET=utf8 COMMENT='Stores a full log of all commands that have been executed on the sytem';

-- Dumping data for table wellrestd.commandLog: ~144 rows (approximately)
/*!40000 ALTER TABLE `commandLog` DISABLE KEYS */;
INSERT INTO `commandLog` (`id`, `commandType`, `createdDtm`, `usrId`, `processingTIme`, `lifecycle`, `metadata`) VALUES
	('5a7ef4ecf8c25668589e9c3a', 'commands.registeruser.RegisterUserCommand', '2018-02-10 13:34:33', 0, 30002010, '{"eventCreated":636538664734110904,"eventReceived":636538664734110904,"eventDispatched":636538664764112914,"eventProcessingTime":30002010}', '{"email":"admin@example.com","userFirstName":"Administrator","password":"******","username":"admin","userLastName":"Administrator"}'),
	('5a7ef503f8c25668589e9c3b', 'commands.createprefix.CreatePrefixCommand', '2018-02-10 13:34:59', 0, 69879, '{"eventCreated":636538664990882426,"eventReceived":636538664990892149,"eventDispatched":636538664990952305,"eventProcessingTime":69879}', '{"timestamp":636538664990882426,"ipAddress":"127.0.0.1","userAgent":"PostmanRuntime/7.1.1"}'),
	('5a7ef51af8c25668589e9c3c', 'commands.assignprefix.AssignPrefixCommand', '2018-02-10 13:35:22', 1, 76633, '{"eventCreated":636538665228320893,"eventReceived":636538665228320893,"eventDispatched":636538665228397526,"eventProcessingTime":76633}', '{"usrId":1,"prefix":"BFE3C4EF"}'),
	('5a7ef51af8c25668589e9c3d', 'commands.login.LoginCommand', '2018-02-10 13:35:22', 1, 150016, '{"eventCreated":636538665228320893,"eventReceived":636538665228440830,"eventDispatched":636538665228470909,"eventProcessingTime":150016}', '{"prefix":"BFE3C4EF","ipAddress":"127.0.0.1","usrType":0,"usrId":1,"userAgent":"PostmanRuntime/7.1.1"}'),
	('5a7f83a2c00b44182ee0be40', 'commands.passwordresetinitiate.PasswordResetInitiateCommand', '2018-02-10 23:43:27', 1, 25861903, '{"eventCreated":636539030076612667,"eventReceived":636539030076612667,"eventDispatched":636539030102474570,"eventProcessingTime":25861903}', '{"userEmail":"admin@example.com","userFirstName":"Administrator","newPassword":"******","usrId":1,"userLastName":"Administrator"}'),
	('5a7f83a8c00b44182ee0be41', 'commands.incrementfailedpincount.IncrementFailedPinCountCommand', '2018-02-10 23:43:36', 1, 0, '{"eventCreated":636539030165678564,"eventReceived":636539030165678564,"eventDispatched":636539030165678564,"eventProcessingTime":0}', '{"usrId":1}'),
	('5a7f83f7e2935c0032af4bd5', 'commands.incrementfailedpincount.IncrementFailedPinCountCommand', '2018-02-10 23:44:55', 1, 70159, '{"eventCreated":636539030959592614,"eventReceived":636539030959592614,"eventDispatched":636539030959662773,"eventProcessingTime":70159}', '{"usrId":1}'),
	('5a7f8403e2935c0032af4bd6', 'commands.incrementfailedpincount.IncrementFailedPinCountCommand', '2018-02-10 23:45:07', 1, 69875, '{"eventCreated":636539031076046558,"eventReceived":636539031076046558,"eventDispatched":636539031076116433,"eventProcessingTime":69875}', '{"usrId":1}'),
	('5a7f888c31446ab038fff149', 'commands.incrementfailedpincount.IncrementFailedPinCountCommand', '2018-02-11 00:04:28', 1, 71046, '{"eventCreated":636539042685650356,"eventReceived":636539042685650356,"eventDispatched":636539042685721402,"eventProcessingTime":71046}', '{"usrId":1}'),
	('5a7f888d31446ab038fff14a', 'commands.incrementfailedpincount.IncrementFailedPinCountCommand', '2018-02-11 00:04:29', 1, 50168, '{"eventCreated":636539042698983933,"eventReceived":636539042698983933,"eventDispatched":636539042699034101,"eventProcessingTime":50168}', '{"usrId":1}'),
	('5a7f888e31446ab038fff14b', 'commands.incrementfailedpincount.IncrementFailedPinCountCommand', '2018-02-11 00:04:30', 1, 76067, '{"eventCreated":636539042709056871,"eventReceived":636539042709056871,"eventDispatched":636539042709132938,"eventProcessingTime":76067}', '{"usrId":1}'),
	('5a7f888f31446ab038fff14c', 'commands.incrementfailedpincount.IncrementFailedPinCountCommand', '2018-02-11 00:04:31', 1, 70192, '{"eventCreated":636539042718324989,"eventReceived":636539042718324989,"eventDispatched":636539042718395181,"eventProcessingTime":70192}', '{"usrId":1}'),
	('5a7f88ccd32ef3a43e3f87ae', 'commands.passwordresetinitiate.PasswordResetInitiateCommand', '2018-02-11 00:05:29', 1, 32061531, '{"eventCreated":636539043295825643,"eventReceived":636539043295825643,"eventDispatched":636539043327887174,"eventProcessingTime":32061531}', '{"userEmail":"admin@example.com","userFirstName":"Administrator","newPassword":"******","usrId":1,"userLastName":"Administrator"}'),
	('5a7f88d6d32ef3a43e3f87af', 'commands.incrementfailedpincount.IncrementFailedPinCountCommand', '2018-02-11 00:05:42', 1, 70189, '{"eventCreated":636539043421206426,"eventReceived":636539043421206426,"eventDispatched":636539043421276615,"eventProcessingTime":70189}', '{"usrId":1}'),
	('5a8220a25ab65b24383ee14c', 'commands.createprefix.CreatePrefixCommand', '2018-02-12 23:17:54', 0, 109938, '{"eventCreated":636540742744968071,"eventReceived":636540742744968071,"eventDispatched":636540742745078009,"eventProcessingTime":109938}', '{"timestamp":636540742744687168,"ipAddress":"127.0.0.1","userAgent":"PostmanRuntime/7.1.1"}'),
	('5a8220a55ab65b24383ee14d', 'commands.createprefix.CreatePrefixCommand', '2018-02-12 23:17:57', 0, 80997, '{"eventCreated":636540742777875197,"eventReceived":636540742777875197,"eventDispatched":636540742777956194,"eventProcessingTime":80997}', '{"timestamp":636540742777875197,"ipAddress":"127.0.0.1","userAgent":"PostmanRuntime/7.1.1"}'),
	('5a849bfdec9f46382de81947', 'commands.createprefix.CreatePrefixCommand', '2018-02-14 20:28:45', 0, 75196, '{"eventCreated":636542369256776375,"eventReceived":636542369256781382,"eventDispatched":636542369256851571,"eventProcessingTime":75196}', '{"timestamp":636542369256619432,"ipAddress":"127.0.0.1","userAgent":"Mozilla/5.0 (Windows NT 10.0; Win64; x64; rv:58.0) Gecko/20100101 Firefox/58.0"}'),
	('5a849d07ec9f46382de81948', 'commands.createprefix.CreatePrefixCommand', '2018-02-14 20:33:11', 0, 70181, '{"eventCreated":636542371918068787,"eventReceived":636542371918068787,"eventDispatched":636542371918138968,"eventProcessingTime":70181}', '{"timestamp":636542371918068787,"ipAddress":"127.0.0.1","userAgent":"Mozilla/5.0 (Windows NT 10.0; Win64; x64; rv:58.0) Gecko/20100101 Firefox/58.0"}'),
	('5a849d23ec9f46382de81949', 'commands.createprefix.CreatePrefixCommand', '2018-02-14 20:33:39', 0, 70495, '{"eventCreated":636542372192010763,"eventReceived":636542372192015668,"eventDispatched":636542372192081258,"eventProcessingTime":70495}', '{"timestamp":636542372192010763,"ipAddress":"127.0.0.1","userAgent":"Mozilla/5.0 (Windows NT 10.0; Win64; x64; rv:58.0) Gecko/20100101 Firefox/58.0"}'),
	('5a849d2bec9f46382de8194a', 'commands.createprefix.CreatePrefixCommand', '2018-02-14 20:33:47', 0, 77722, '{"eventCreated":636542372271711962,"eventReceived":636542372271711962,"eventDispatched":636542372271789684,"eventProcessingTime":77722}', '{"timestamp":636542372271711962,"ipAddress":"127.0.0.1","userAgent":"Mozilla/5.0 (Windows NT 10.0; Win64; x64; rv:58.0) Gecko/20100101 Firefox/58.0"}'),
	('5a84a4051a25b250379f8a04', 'commands.login.LoginCommand', '2018-02-14 21:03:01', 1, 145504, '{"eventCreated":636542389817259165,"eventReceived":636542389817259165,"eventDispatched":636542389817404669,"eventProcessingTime":145504}', '{"prefix":"BFE3C4EF","ipAddress":"127.0.0.1","usrType":0,"usrId":1,"userAgent":"PostmanRuntime/7.1.1"}'),
	('5a84a4191a25b250379f8a05', 'commands.incrementfailedlogincount.IncrementFailedLoginCountCommand', '2018-02-14 21:03:21', 1, 65547, '{"eventCreated":636542390010502144,"eventReceived":636542390010502144,"eventDispatched":636542390010567691,"eventProcessingTime":65547}', '{"usrId":1}'),
	('5a84a43b1a25b250379f8a06', 'commands.assignprefix.AssignPrefixCommand', '2018-02-14 21:03:55', 1, 71075, '{"eventCreated":636542390359228918,"eventReceived":636542390359228918,"eventDispatched":636542390359299993,"eventProcessingTime":71075}', '{"usrId":1,"prefix":"8CA2BBBD"}'),
	('5a84a43b1a25b250379f8a07', 'commands.login.LoginCommand', '2018-02-14 21:03:55', 1, 179867, '{"eventCreated":636542390359228918,"eventReceived":636542390359353585,"eventDispatched":636542390359408785,"eventProcessingTime":179867}', '{"prefix":"8CA2BBBD","ipAddress":"127.0.0.1","usrType":0,"usrId":1,"userAgent":"Mozilla/5.0 (Windows NT 10.0; Win64; x64; rv:58.0) Gecko/20100101 Firefox/58.0"}'),
	('5a84a75e86ecb83439fdba18', 'commands.login.LoginCommand', '2018-02-14 21:17:18', 1, 73376, '{"eventCreated":636542398382564127,"eventReceived":636542398382564127,"eventDispatched":636542398382637503,"eventProcessingTime":73376}', '{"prefix":"8CA2BBBD","ipAddress":"127.0.0.1","usrType":0,"usrId":1,"userAgent":"Mozilla/5.0 (Windows NT 10.0; Win64; x64; rv:58.0) Gecko/20100101 Firefox/58.0"}'),
	('5a84b6c286ecb83439fdba19', 'commands.login.LoginCommand', '2018-02-14 22:22:58', 1, 71228, '{"eventCreated":636542437789172233,"eventReceived":636542437789172233,"eventDispatched":636542437789243461,"eventProcessingTime":71228}', '{"prefix":"8CA2BBBD","ipAddress":"127.0.0.1","usrType":0,"usrId":1,"userAgent":"Mozilla/5.0 (Windows NT 10.0; Win64; x64; rv:58.0) Gecko/20100101 Firefox/58.0"}'),
	('5a84ba327ee7c7d453c7c62d', 'commands.login.LoginCommand', '2018-02-14 22:37:38', 1, 75516, '{"eventCreated":636542446588236474,"eventReceived":636542446588236474,"eventDispatched":636542446588311990,"eventProcessingTime":75516}', '{"prefix":"8CA2BBBD","ipAddress":"127.0.0.1","usrType":0,"usrId":1,"userAgent":"Mozilla/5.0 (Windows NT 10.0; Win64; x64; rv:58.0) Gecko/20100101 Firefox/58.0"}'),
	('5a84bb4c7ee7c7d453c7c62e', 'commands.login.LoginCommand', '2018-02-14 22:42:20', 1, 75195, '{"eventCreated":636542449409422748,"eventReceived":636542449409422748,"eventDispatched":636542449409497943,"eventProcessingTime":75195}', '{"prefix":"8CA2BBBD","ipAddress":"127.0.0.1","usrType":0,"usrId":1,"userAgent":"Mozilla/5.0 (Windows NT 10.0; Win64; x64; rv:58.0) Gecko/20100101 Firefox/58.0"}'),
	('5a84bb547ee7c7d453c7c62f', 'commands.login.LoginCommand', '2018-02-14 22:42:28', 1, 76340, '{"eventCreated":636542449480843138,"eventReceived":636542449480843138,"eventDispatched":636542449480919478,"eventProcessingTime":76340}', '{"prefix":"8CA2BBBD","ipAddress":"127.0.0.1","usrType":0,"usrId":1,"userAgent":"Mozilla/5.0 (Windows NT 10.0; Win64; x64; rv:58.0) Gecko/20100101 Firefox/58.0"}'),
	('5a84c0441b2b163424c36a12', 'commands.login.LoginCommand', '2018-02-14 23:03:32', 1, 75330, '{"eventCreated":636542462120547925,"eventReceived":636542462120547925,"eventDispatched":636542462120623255,"eventProcessingTime":75330}', '{"prefix":"8CA2BBBD","ipAddress":"127.0.0.1","usrType":0,"usrId":1,"userAgent":"Mozilla/5.0 (Windows NT 10.0; Win64; x64; rv:58.0) Gecko/20100101 Firefox/58.0"}'),
	('5a84c0781b2b163424c36a13', 'commands.incrementfailedlogincount.IncrementFailedLoginCountCommand', '2018-02-14 23:04:24', 1, 77019, '{"eventCreated":636542462641721891,"eventReceived":636542462641721891,"eventDispatched":636542462641798910,"eventProcessingTime":77019}', '{"usrId":1}'),
	('5a84c0841b2b163424c36a14', 'commands.incrementfailedlogincount.IncrementFailedLoginCountCommand', '2018-02-14 23:04:36', 1, 71429, '{"eventCreated":636542462761860718,"eventReceived":636542462761860718,"eventDispatched":636542462761932147,"eventProcessingTime":71429}', '{"usrId":1}'),
	('5a84c21b1b2b163424c36a15', 'commands.incrementfailedlogincount.IncrementFailedLoginCountCommand', '2018-02-14 23:11:23', 1, 75575, '{"eventCreated":636542466837075643,"eventReceived":636542466837075643,"eventDispatched":636542466837151218,"eventProcessingTime":75575}', '{"usrId":1}'),
	('5a84c22f1b2b163424c36a16', 'commands.login.LoginCommand', '2018-02-14 23:11:43', 1, 80213, '{"eventCreated":636542467036214088,"eventReceived":636542467036214088,"eventDispatched":636542467036294301,"eventProcessingTime":80213}', '{"prefix":"8CA2BBBD","ipAddress":"127.0.0.1","usrType":0,"usrId":1,"userAgent":"Mozilla/5.0 (Windows NT 10.0; Win64; x64; rv:58.0) Gecko/20100101 Firefox/58.0"}'),
	('5a84c4191b2b163424c36a17', 'commands.login.LoginCommand', '2018-02-14 23:19:53', 1, 80403, '{"eventCreated":636542471935405460,"eventReceived":636542471935405460,"eventDispatched":636542471935485863,"eventProcessingTime":80403}', '{"prefix":"8CA2BBBD","ipAddress":"127.0.0.1","usrType":0,"usrId":1,"userAgent":"Mozilla/5.0 (Windows NT 10.0; Win64; x64; rv:58.0) Gecko/20100101 Firefox/58.0"}'),
	('5a85ec5c850c8c1047cfe3ed', 'commands.createprefix.CreatePrefixCommand', '2018-02-15 20:23:56', 0, 105277, '{"eventCreated":636543230368941647,"eventReceived":636543230368941647,"eventDispatched":636543230369046924,"eventProcessingTime":105277}', '{"timestamp":636543230368866448,"ipAddress":"127.0.0.1","userAgent":"Mozilla/5.0 (Windows NT 10.0; Win64; x64; rv:58.0) Gecko/20100101 Firefox/58.0"}'),
	('5a85ec5d850c8c1047cfe3ee', 'commands.incrementfailedlogincount.IncrementFailedLoginCountCommand', '2018-02-15 20:23:57', 1, 81136, '{"eventCreated":636543230374060481,"eventReceived":636543230374060481,"eventDispatched":636543230374141617,"eventProcessingTime":81136}', '{"usrId":1}'),
	('5a85ecc4850c8c1047cfe3ef', 'commands.login.LoginCommand', '2018-02-15 20:25:40', 1, 83514, '{"eventCreated":636543231405157844,"eventReceived":636543231405157844,"eventDispatched":636543231405241358,"eventProcessingTime":83514}', '{"prefix":"BFE3C4EF","ipAddress":"127.0.0.1","usrType":0,"usrId":1,"userAgent":"PostmanRuntime/7.1.1"}'),
	('5a85ecd4850c8c1047cfe3f0', 'commands.assignprefix.AssignPrefixCommand', '2018-02-15 20:25:56', 1, 71695, '{"eventCreated":636543231561575825,"eventReceived":636543231561575825,"eventDispatched":636543231561647520,"eventProcessingTime":71695}', '{"usrId":1,"prefix":"346E9255"}'),
	('5a85ecd4850c8c1047cfe3f1', 'commands.login.LoginCommand', '2018-02-15 20:25:56', 1, 182559, '{"eventCreated":636543231561575825,"eventReceived":636543231561699602,"eventDispatched":636543231561758384,"eventProcessingTime":182559}', '{"prefix":"346E9255","ipAddress":"127.0.0.1","usrType":0,"usrId":1,"userAgent":"Mozilla/5.0 (Windows NT 10.0; Win64; x64; rv:58.0) Gecko/20100101 Firefox/58.0"}'),
	('5a85ecd6850c8c1047cfe3f2', 'commands.extendtoken.ExtendTokenCommand', '2018-02-15 20:25:58', 1, 115309, '{"eventCreated":636543231587686337,"eventReceived":636543231587686337,"eventDispatched":636543231587801646,"eventProcessingTime":115309}', '{"prefix":"346E9255","usrId":1,"ipAddress":"127.0.0.1","usrType":0,"tokenCode":"VE33Q6CytxxrPAt1ttCXJHz6Jjykv","userAgent":"Mozilla/5.0 (Windows NT 10.0; Win64; x64; rv:58.0) Gecko/20100101 Firefox/58.0"}'),
	('5a85ef04e10a89dc31f4f489', 'commands.extendtoken.ExtendTokenCommand', '2018-02-15 20:35:16', 1, 245643, '{"eventCreated":636543237169656524,"eventReceived":636543237169656524,"eventDispatched":636543237169902167,"eventProcessingTime":245643}', '{"prefix":"346E9255","usrId":1,"ipAddress":"127.0.0.1","usrType":0,"tokenCode":"VE33Q6CytxxrPAt1ttCXJHz6Jjykv","userAgent":"Mozilla/5.0 (Windows NT 10.0; Win64; x64; rv:58.0) Gecko/20100101 Firefox/58.0"}'),
	('5a85f07070128dd014e4858f', 'commands.extendtoken.ExtendTokenCommand', '2018-02-15 20:41:20', 1, 125315, '{"eventCreated":636543240808563395,"eventReceived":636543240808568412,"eventDispatched":636543240808688710,"eventProcessingTime":125315}', '{"prefix":"346E9255","usrId":1,"ipAddress":"127.0.0.1","usrType":0,"tokenCode":"VE33Q6CytxxrPAt1ttCXJHz6Jjykv","userAgent":"Mozilla/5.0 (Windows NT 10.0; Win64; x64; rv:58.0) Gecko/20100101 Firefox/58.0"}'),
	('5a85f07570128dd014e48590', 'commands.extendtoken.ExtendTokenCommand', '2018-02-15 20:41:25', 1, 168435, '{"eventCreated":636543240853036792,"eventReceived":636543240853036792,"eventDispatched":636543240853205227,"eventProcessingTime":168435}', '{"prefix":"346E9255","usrId":1,"ipAddress":"127.0.0.1","usrType":0,"tokenCode":"VE33Q6CytxxrPAt1ttCXJHz6Jjykv","userAgent":"Mozilla/5.0 (Windows NT 10.0; Win64; x64; rv:58.0) Gecko/20100101 Firefox/58.0"}'),
	('5a85f24f70128dd014e48591', 'commands.extendtoken.ExtendTokenCommand', '2018-02-15 20:49:19', 1, 175159, '{"eventCreated":636543245597425903,"eventReceived":636543245597425903,"eventDispatched":636543245597601062,"eventProcessingTime":175159}', '{"prefix":"346E9255","usrId":1,"ipAddress":"127.0.0.1","usrType":0,"tokenCode":"VE33Q6CytxxrPAt1ttCXJHz6Jjykv","userAgent":"Mozilla/5.0 (Windows NT 10.0; Win64; x64; rv:58.0) Gecko/20100101 Firefox/58.0"}'),
	('5a8610bfd194b7bc56dfcbde', 'commands.createprefix.CreatePrefixCommand', '2018-02-15 22:59:11', 0, 77314, '{"eventCreated":636543323516173911,"eventReceived":636543323516173911,"eventDispatched":636543323516251225,"eventProcessingTime":77314}', '{"timestamp":636543323516003660,"ipAddress":"127.0.0.1","userAgent":"Mozilla/5.0 (Windows NT 10.0; Win64; x64; rv:58.0) Gecko/20100101 Firefox/58.0"}'),
	('5a8610c0d194b7bc56dfcbdf', 'commands.assignprefix.AssignPrefixCommand', '2018-02-15 22:59:12', 1, 77092, '{"eventCreated":636543323520244528,"eventReceived":636543323520244528,"eventDispatched":636543323520321620,"eventProcessingTime":77092}', '{"usrId":1,"prefix":"C7360816"}'),
	('5a8610c0d194b7bc56dfcbe0', 'commands.login.LoginCommand', '2018-02-15 22:59:12', 1, 173037, '{"eventCreated":636543323520244528,"eventReceived":636543323520366759,"eventDispatched":636543323520417565,"eventProcessingTime":173037}', '{"prefix":"C7360816","ipAddress":"127.0.0.1","usrType":0,"usrId":1,"userAgent":"Mozilla/5.0 (Windows NT 10.0; Win64; x64; rv:58.0) Gecko/20100101 Firefox/58.0"}'),
	('5a86119048cf7be448d6605a', 'commands.extendtoken.ExtendTokenCommand', '2018-02-15 23:02:40', 1, 90486, '{"eventCreated":636543325607727745,"eventReceived":636543325607727745,"eventDispatched":636543325607818231,"eventProcessingTime":90486}', '{"prefix":"C7360816","usrId":1,"ipAddress":"127.0.0.1","usrType":0,"tokenCode":"cltRMwwJa3cdTnzl5KlqbeozsTQ66","userAgent":"Mozilla/5.0 (Windows NT 10.0; Win64; x64; rv:58.0) Gecko/20100101 Firefox/58.0"}'),
	('5a868d6003bb55d8563182d1', 'commands.createprefix.CreatePrefixCommand', '2018-02-16 07:50:56', 0, 60849, '{"eventCreated":636543642560815204,"eventReceived":636543642560815204,"eventDispatched":636543642560876053,"eventProcessingTime":60849}', '{"timestamp":636543642560614916,"ipAddress":"127.0.0.1","userAgent":"Mozilla/5.0 (Windows NT 10.0; Win64; x64; rv:58.0) Gecko/20100101 Firefox/58.0"}'),
	('5a868d6003bb55d8563182d2', 'commands.assignprefix.AssignPrefixCommand', '2018-02-16 07:50:56', 1, 80348, '{"eventCreated":636543642566144049,"eventReceived":636543642566144049,"eventDispatched":636543642566224397,"eventProcessingTime":80348}', '{"usrId":1,"prefix":"EA676483"}'),
	('5a868d6003bb55d8563182d3', 'commands.login.LoginCommand', '2018-02-16 07:50:56', 1, 190577, '{"eventCreated":636543642566144049,"eventReceived":636543642566284294,"eventDispatched":636543642566334626,"eventProcessingTime":190577}', '{"prefix":"EA676483","ipAddress":"127.0.0.1","usrType":0,"usrId":1,"userAgent":"Mozilla/5.0 (Windows NT 10.0; Win64; x64; rv:58.0) Gecko/20100101 Firefox/58.0"}'),
	('5a868d6003bb55d8563182d4', 'commands.extendtoken.ExtendTokenCommand', '2018-02-16 07:50:56', 1, 80239, '{"eventCreated":636543642567036295,"eventReceived":636543642567036295,"eventDispatched":636543642567116534,"eventProcessingTime":80239}', '{"prefix":"EA676483","usrId":1,"ipAddress":"127.0.0.1","usrType":0,"tokenCode":"PNVwlPB2kcA25BW2jyE1Ybgj17r6z","userAgent":"Mozilla/5.0 (Windows NT 10.0; Win64; x64; rv:58.0) Gecko/20100101 Firefox/58.0"}'),
	('5a868d6403bb55d8563182d5', 'commands.extendtoken.ExtendTokenCommand', '2018-02-16 07:51:00', 1, 100273, '{"eventCreated":636543642601919577,"eventReceived":636543642601919577,"eventDispatched":636543642602019850,"eventProcessingTime":100273}', '{"prefix":"EA676483","usrId":1,"ipAddress":"127.0.0.1","usrType":0,"tokenCode":"PNVwlPB2kcA25BW2jyE1Ybgj17r6z","userAgent":"Mozilla/5.0 (Windows NT 10.0; Win64; x64; rv:58.0) Gecko/20100101 Firefox/58.0"}'),
	('5a868d9be1ec615c393dcd8e', 'commands.extendtoken.ExtendTokenCommand', '2018-02-16 07:51:55', 1, 90246, '{"eventCreated":636543643151589231,"eventReceived":636543643151589231,"eventDispatched":636543643151679477,"eventProcessingTime":90246}', '{"prefix":"EA676483","usrId":1,"ipAddress":"127.0.0.1","usrType":0,"tokenCode":"PNVwlPB2kcA25BW2jyE1Ybgj17r6z","userAgent":"Mozilla/5.0 (Windows NT 10.0; Win64; x64; rv:58.0) Gecko/20100101 Firefox/58.0"}'),
	('5a868d9ce1ec615c393dcd8f', 'commands.extendtoken.ExtendTokenCommand', '2018-02-16 07:51:56', 1, 100260, '{"eventCreated":636543643160594840,"eventReceived":636543643160594840,"eventDispatched":636543643160695100,"eventProcessingTime":100260}', '{"prefix":"EA676483","usrId":1,"ipAddress":"127.0.0.1","usrType":0,"tokenCode":"PNVwlPB2kcA25BW2jyE1Ybgj17r6z","userAgent":"Mozilla/5.0 (Windows NT 10.0; Win64; x64; rv:58.0) Gecko/20100101 Firefox/58.0"}'),
	('5a868dada16bbde004b2e4c8', 'commands.extendtoken.ExtendTokenCommand', '2018-02-16 07:52:13', 1, 99045, '{"eventCreated":636543643332220431,"eventReceived":636543643332220431,"eventDispatched":636543643332319476,"eventProcessingTime":99045}', '{"prefix":"EA676483","usrId":1,"ipAddress":"127.0.0.1","usrType":0,"tokenCode":"PNVwlPB2kcA25BW2jyE1Ybgj17r6z","userAgent":"Mozilla/5.0 (Windows NT 10.0; Win64; x64; rv:58.0) Gecko/20100101 Firefox/58.0"}'),
	('5a868dafa16bbde004b2e4c9', 'commands.extendtoken.ExtendTokenCommand', '2018-02-16 07:52:15', 1, 100131, '{"eventCreated":636543643356142543,"eventReceived":636543643356142543,"eventDispatched":636543643356242674,"eventProcessingTime":100131}', '{"prefix":"EA676483","usrId":1,"ipAddress":"127.0.0.1","usrType":0,"tokenCode":"PNVwlPB2kcA25BW2jyE1Ybgj17r6z","userAgent":"Mozilla/5.0 (Windows NT 10.0; Win64; x64; rv:58.0) Gecko/20100101 Firefox/58.0"}'),
	('5a868e2898a915183e8fc3c3', 'commands.login.LoginCommand', '2018-02-16 07:54:16', 1, 70448, '{"eventCreated":636543644562435051,"eventReceived":636543644562435051,"eventDispatched":636543644562505499,"eventProcessingTime":70448}', '{"prefix":"EA676483","ipAddress":"127.0.0.1","usrType":0,"usrId":1,"userAgent":"Mozilla/5.0 (Windows NT 10.0; Win64; x64; rv:58.0) Gecko/20100101 Firefox/58.0"}'),
	('5a868e2898a915183e8fc3c4', 'commands.extendtoken.ExtendTokenCommand', '2018-02-16 07:54:16', 1, 89994, '{"eventCreated":636543644563507420,"eventReceived":636543644563507420,"eventDispatched":636543644563597414,"eventProcessingTime":89994}', '{"prefix":"EA676483","usrId":1,"ipAddress":"127.0.0.1","usrType":0,"tokenCode":"H1KVHxQ6L8dPLFw0PKEcx5bHvcKJ3","userAgent":"Mozilla/5.0 (Windows NT 10.0; Win64; x64; rv:58.0) Gecko/20100101 Firefox/58.0"}'),
	('5a868e6124b4999c3b2efa4b', 'commands.extendtoken.ExtendTokenCommand', '2018-02-16 07:55:13', 1, 180458, '{"eventCreated":636543645131144047,"eventReceived":636543645131144047,"eventDispatched":636543645131324505,"eventProcessingTime":180458}', '{"prefix":"EA676483","usrId":1,"ipAddress":"127.0.0.1","usrType":0,"tokenCode":"H1KVHxQ6L8dPLFw0PKEcx5bHvcKJ3","userAgent":"Mozilla/5.0 (Windows NT 10.0; Win64; x64; rv:58.0) Gecko/20100101 Firefox/58.0"}'),
	('5a868eb028136e5c4d9dfa80', 'commands.extendtoken.ExtendTokenCommand', '2018-02-16 07:56:32', 1, 128966, '{"eventCreated":636543645925319949,"eventReceived":636543645925319949,"eventDispatched":636543645925448915,"eventProcessingTime":128966}', '{"prefix":"EA676483","usrId":1,"ipAddress":"127.0.0.1","usrType":0,"tokenCode":"H1KVHxQ6L8dPLFw0PKEcx5bHvcKJ3","userAgent":"Mozilla/5.0 (Windows NT 10.0; Win64; x64; rv:58.0) Gecko/20100101 Firefox/58.0"}'),
	('5a868eb128136e5c4d9dfa81', 'commands.extendtoken.ExtendTokenCommand', '2018-02-16 07:56:33', 1, 109077, '{"eventCreated":636543645934444284,"eventReceived":636543645934444284,"eventDispatched":636543645934553361,"eventProcessingTime":109077}', '{"prefix":"EA676483","usrId":1,"ipAddress":"127.0.0.1","usrType":0,"tokenCode":"H1KVHxQ6L8dPLFw0PKEcx5bHvcKJ3","userAgent":"Mozilla/5.0 (Windows NT 10.0; Win64; x64; rv:58.0) Gecko/20100101 Firefox/58.0"}'),
	('5a868ee7842baaa04c4ffd14', 'commands.extendtoken.ExtendTokenCommand', '2018-02-16 07:57:27', 1, 120123, '{"eventCreated":636543646476183149,"eventReceived":636543646476183149,"eventDispatched":636543646476303272,"eventProcessingTime":120123}', '{"prefix":"EA676483","usrId":1,"ipAddress":"127.0.0.1","usrType":0,"tokenCode":"H1KVHxQ6L8dPLFw0PKEcx5bHvcKJ3","userAgent":"Mozilla/5.0 (Windows NT 10.0; Win64; x64; rv:58.0) Gecko/20100101 Firefox/58.0"}'),
	('5a868fbd4e3d2de04a3c4479', 'commands.extendtoken.ExtendTokenCommand', '2018-02-16 08:01:01', 1, 100333, '{"eventCreated":636543648614743920,"eventReceived":636543648614743920,"eventDispatched":636543648614844253,"eventProcessingTime":100333}', '{"prefix":"EA676483","usrId":1,"ipAddress":"127.0.0.1","usrType":0,"tokenCode":"H1KVHxQ6L8dPLFw0PKEcx5bHvcKJ3","userAgent":"Mozilla/5.0 (Windows NT 10.0; Win64; x64; rv:58.0) Gecko/20100101 Firefox/58.0"}'),
	('5a868fc04e3d2de04a3c447a', 'commands.extendtoken.ExtendTokenCommand', '2018-02-16 08:01:04', 1, 100292, '{"eventCreated":636543648649587733,"eventReceived":636543648649587733,"eventDispatched":636543648649688025,"eventProcessingTime":100292}', '{"prefix":"EA676483","usrId":1,"ipAddress":"127.0.0.1","usrType":0,"tokenCode":"H1KVHxQ6L8dPLFw0PKEcx5bHvcKJ3","userAgent":"Mozilla/5.0 (Windows NT 10.0; Win64; x64; rv:58.0) Gecko/20100101 Firefox/58.0"}'),
	('5a86906e349af5e02945baab', 'commands.extendtoken.ExtendTokenCommand', '2018-02-16 08:03:58', 1, 110306, '{"eventCreated":636543650385344601,"eventReceived":636543650385344601,"eventDispatched":636543650385454907,"eventProcessingTime":110306}', '{"prefix":"EA676483","usrId":1,"ipAddress":"127.0.0.1","usrType":0,"tokenCode":"H1KVHxQ6L8dPLFw0PKEcx5bHvcKJ3","userAgent":"Mozilla/5.0 (Windows NT 10.0; Win64; x64; rv:58.0) Gecko/20100101 Firefox/58.0"}'),
	('5a869081498794540af00634', 'commands.extendtoken.ExtendTokenCommand', '2018-02-16 08:04:17', 1, 100004, '{"eventCreated":636543650570343538,"eventReceived":636543650570343538,"eventDispatched":636543650570443542,"eventProcessingTime":100004}', '{"prefix":"EA676483","usrId":1,"ipAddress":"127.0.0.1","usrType":0,"tokenCode":"H1KVHxQ6L8dPLFw0PKEcx5bHvcKJ3","userAgent":"Mozilla/5.0 (Windows NT 10.0; Win64; x64; rv:58.0) Gecko/20100101 Firefox/58.0"}'),
	('5a869154895f52305740a2b6', 'commands.extendtoken.ExtendTokenCommand', '2018-02-16 08:07:48', 1, 100525, '{"eventCreated":636543652685761450,"eventReceived":636543652685761450,"eventDispatched":636543652685861975,"eventProcessingTime":100525}', '{"prefix":"EA676483","usrId":1,"ipAddress":"127.0.0.1","usrType":0,"tokenCode":"H1KVHxQ6L8dPLFw0PKEcx5bHvcKJ3","userAgent":"Mozilla/5.0 (Windows NT 10.0; Win64; x64; rv:58.0) Gecko/20100101 Firefox/58.0"}'),
	('5a86920e3999fadc479bccd4', 'commands.extendtoken.ExtendTokenCommand', '2018-02-16 08:10:54', 1, 109514, '{"eventCreated":636543654544195261,"eventReceived":636543654544195261,"eventDispatched":636543654544304775,"eventProcessingTime":109514}', '{"prefix":"EA676483","usrId":1,"ipAddress":"127.0.0.1","usrType":0,"tokenCode":"H1KVHxQ6L8dPLFw0PKEcx5bHvcKJ3","userAgent":"Mozilla/5.0 (Windows NT 10.0; Win64; x64; rv:58.0) Gecko/20100101 Firefox/58.0"}'),
	('5a8692491947a7d447e17a16', 'commands.extendtoken.ExtendTokenCommand', '2018-02-16 08:11:53', 1, 100223, '{"eventCreated":636543655139123371,"eventReceived":636543655139123371,"eventDispatched":636543655139223594,"eventProcessingTime":100223}', '{"prefix":"EA676483","usrId":1,"ipAddress":"127.0.0.1","usrType":0,"tokenCode":"H1KVHxQ6L8dPLFw0PKEcx5bHvcKJ3","userAgent":"Mozilla/5.0 (Windows NT 10.0; Win64; x64; rv:58.0) Gecko/20100101 Firefox/58.0"}'),
	('5a87ff02fbc33bbc593bcd3f', 'commands.createprefix.CreatePrefixCommand', '2018-02-17 10:08:02', 0, 56495, '{"eventCreated":636544588826101524,"eventReceived":636544588826101524,"eventDispatched":636544588826158019,"eventProcessingTime":56495}', '{"timestamp":636544588825747176,"ipAddress":"127.0.0.1","userAgent":"Mozilla/5.0 (Windows NT 10.0; Win64; x64; rv:58.0) Gecko/20100101 Firefox/58.0"}'),
	('5a87ff03fbc33bbc593bcd40', 'commands.incrementfailedlogincount.IncrementFailedLoginCountCommand', '2018-02-17 10:08:03', 1, 70283, '{"eventCreated":636544588830827603,"eventReceived":636544588830827603,"eventDispatched":636544588830897886,"eventProcessingTime":70283}', '{"usrId":1}'),
	('5a87ff25fbc33bbc593bcd41', 'commands.assignprefix.AssignPrefixCommand', '2018-02-17 10:08:37', 1, 68829, '{"eventCreated":636544589171147817,"eventReceived":636544589171147817,"eventDispatched":636544589171216646,"eventProcessingTime":68829}', '{"usrId":1,"prefix":"93CF712A"}'),
	('5a87ff25fbc33bbc593bcd42', 'commands.login.LoginCommand', '2018-02-17 10:08:37', 1, 189491, '{"eventCreated":636544589171147817,"eventReceived":636544589171287035,"eventDispatched":636544589171337308,"eventProcessingTime":189491}', '{"prefix":"93CF712A","ipAddress":"127.0.0.1","usrType":0,"usrId":1,"userAgent":"Mozilla/5.0 (Windows NT 10.0; Win64; x64; rv:58.0) Gecko/20100101 Firefox/58.0"}'),
	('5a880d1a4649863802be0405', 'commands.registeruser.RegisterUserCommand', '2018-02-17 11:08:08', 0, 12884252, '{"eventCreated":636544624887145073,"eventReceived":636544624887145073,"eventDispatched":636544624900029325,"eventProcessingTime":12884252}', '{"email":"andy@andychapman.net","userFirstName":"Andrew","password":"******","username":"achapman","userLastName":"Chapman"}'),
	('5a880ddc4649863802be0406', 'commands.registeruser.RegisterUserCommand', '2018-02-17 11:11:23', 0, 8403649, '{"eventCreated":636544626835880161,"eventReceived":636544626835880161,"eventDispatched":636544626844283810,"eventProcessingTime":8403649}', '{"email":"andy@chapmandigital.co.uk","userFirstName":"Andy","password":"******","username":"andy","userLastName":"Chapman"}'),
	('5a880ebf0ed7be0429dd0765', 'commands.registeruser.RegisterUserCommand', '2018-02-17 11:15:10', 0, 7116051, '{"eventCreated":636544629106261447,"eventReceived":636544629106261447,"eventDispatched":636544629113377498,"eventProcessingTime":7116051}', '{"email":"andy@chapmandigital.co.uk","userFirstName":"Andy","password":"******","username":"andy","userLastName":"Chapman"}'),
	('5a88133910a354a0375ecb61', 'commands.registeruser.RegisterUserCommand', '2018-02-17 11:34:17', 0, 8632779, '{"eventCreated":636544640570369794,"eventReceived":636544640570369794,"eventDispatched":636544640579002573,"eventProcessingTime":8632779}', '{"email":"andy@chapmandigital.co.uk","userFirstName":"Andy","password":"******","username":"andyc","userLastName":"Chapman"}'),
	('5a8813c810a354a0375ecb62', 'commands.registeruser.RegisterUserCommand', '2018-02-17 11:36:40', 0, 6243438, '{"eventCreated":636544642000646248,"eventReceived":636544642000646248,"eventDispatched":636544642006889686,"eventProcessingTime":6243438}', '{"email":"andy@chapmandigital.co.uk","userFirstName":"Andy","password":"******","username":"andyc","userLastName":"Chapman"}'),
	('5a8814af10a354a0375ecb63', 'commands.registeruser.RegisterUserCommand', '2018-02-17 11:40:30', 0, 6210165, '{"eventCreated":636544644305557073,"eventReceived":636544644305557073,"eventDispatched":636544644311767238,"eventProcessingTime":6210165}', '{"email":"andy@chapmandigital.co.uk","userFirstName":"Andy","password":"******","username":"andyc","userLastName":"Chapman"}'),
	('5a8814be10a354a0375ecb64', 'commands.createprefix.CreatePrefixCommand', '2018-02-17 11:40:46', 0, 111520, '{"eventCreated":636544644468369860,"eventReceived":636544644468369860,"eventDispatched":636544644468481380,"eventProcessingTime":111520}', '{"timestamp":636544644468369860,"ipAddress":"127.0.0.1","userAgent":"Mozilla/5.0 (Windows NT 10.0; Win64; x64) AppleWebKit/537.36 (KHTML, like Gecko) Chrome/64.0.3282.167 Safari/537.36"}'),
	('5a8814bf10a354a0375ecb65', 'commands.incrementfailedlogincount.IncrementFailedLoginCountCommand', '2018-02-17 11:40:47', 7, 130669, '{"eventCreated":636544644472270832,"eventReceived":636544644472270832,"eventDispatched":636544644472401501,"eventProcessingTime":130669}', '{"usrId":7}'),
	('5a8814cb10a354a0375ecb66', 'commands.assignprefix.AssignPrefixCommand', '2018-02-17 11:40:59', 7, 150387, '{"eventCreated":636544644599505747,"eventReceived":636544644599505747,"eventDispatched":636544644599656134,"eventProcessingTime":150387}', '{"usrId":7,"prefix":"84A19F4E"}'),
	('5a8814cb10a354a0375ecb67', 'commands.login.LoginCommand', '2018-02-17 11:40:59', 7, 472302, '{"eventCreated":636544644599505747,"eventReceived":636544644599857039,"eventDispatched":636544644599978049,"eventProcessingTime":472302}', '{"prefix":"84A19F4E","ipAddress":"127.0.0.1","usrType":0,"usrId":7,"userAgent":"Mozilla/5.0 (Windows NT 10.0; Win64; x64) AppleWebKit/537.36 (KHTML, like Gecko) Chrome/64.0.3282.167 Safari/537.36"}'),
	('5a88157f678fba7039e8c11d', 'commands.incrementfailedlogincount.IncrementFailedLoginCountCommand', '2018-02-17 11:43:59', 7, 79772, '{"eventCreated":636544646390470126,"eventReceived":636544646390470126,"eventDispatched":636544646390549898,"eventProcessingTime":79772}', '{"usrId":7}'),
	('5a881581678fba7039e8c11e', 'commands.incrementfailedlogincount.IncrementFailedLoginCountCommand', '2018-02-17 11:44:01', 7, 160521, '{"eventCreated":636544646410227240,"eventReceived":636544646410227240,"eventDispatched":636544646410387761,"eventProcessingTime":160521}', '{"usrId":7}'),
	('5a881587678fba7039e8c11f', 'commands.login.LoginCommand', '2018-02-17 11:44:06', 7, 283291, '{"eventCreated":636544646469987618,"eventReceived":636544646469987618,"eventDispatched":636544646470270909,"eventProcessingTime":283291}', '{"prefix":"84A19F4E","ipAddress":"127.0.0.1","usrType":0,"usrId":7,"userAgent":"Mozilla/5.0 (Windows NT 10.0; Win64; x64) AppleWebKit/537.36 (KHTML, like Gecko) Chrome/64.0.3282.167 Safari/537.36"}'),
	('5a89448ffeab0040464e1754', 'commands.createprefix.CreatePrefixCommand', '2018-02-18 09:17:03', 0, 60167, '{"eventCreated":636545422237702511,"eventReceived":636545422237702511,"eventDispatched":636545422237762678,"eventProcessingTime":60167}', '{"timestamp":636545422237642358,"ipAddress":"127.0.0.1","userAgent":"Mozilla/5.0 (Windows NT 10.0; Win64; x64; rv:58.0) Gecko/20100101 Firefox/58.0"}'),
	('5a8944cbfeab0040464e1755', 'commands.passwordresetinitiate.PasswordResetInitiateCommand', '2018-02-18 09:18:02', 7, 8677852, '{"eventCreated":636545422824137880,"eventReceived":636545422824137880,"eventDispatched":636545422832815732,"eventProcessingTime":8677852}', '{"userEmail":"andy@chapmandigital.co.uk","userFirstName":"Andy","newPassword":"******","usrId":7,"userLastName":"Chapman"}'),
	('5a89469eeee6a64835e03f72', 'commands.passwordresetinitiate.PasswordResetInitiateCommand', '2018-02-18 09:25:49', 7, 8176506, '{"eventCreated":636545427496407200,"eventReceived":636545427496407200,"eventDispatched":636545427504583706,"eventProcessingTime":8176506}', '{"userEmail":"andy@chapmandigital.co.uk","userFirstName":"Andy","newPassword":"******","usrId":7,"userLastName":"Chapman"}'),
	('5a8948a9a161e8c042b3f25a', 'commands.passwordresetinitiate.PasswordResetInitiateCommand', '2018-02-18 09:34:32', 7, 6874572, '{"eventCreated":636545432729933949,"eventReceived":636545432729933949,"eventDispatched":636545432736808521,"eventProcessingTime":6874572}', '{"userEmail":"andy@chapmandigital.co.uk","userFirstName":"Andy","newPassword":"******","usrId":7,"userLastName":"Chapman"}'),
	('5a89491da161e8c042b3f25b', 'commands.incrementfailedpincount.IncrementFailedPinCountCommand', '2018-02-18 09:36:29', 1, 59456, '{"eventCreated":636545433899770518,"eventReceived":636545433899770518,"eventDispatched":636545433899829974,"eventProcessingTime":59456}', '{"usrId":1}'),
	('5a894a0d6113ea441ca8b561', 'commands.passwordresetinitiate.PasswordResetInitiateCommand', '2018-02-18 09:40:28', 7, 8162465, '{"eventCreated":636545436288013394,"eventReceived":636545436288013394,"eventDispatched":636545436296175859,"eventProcessingTime":8162465}', '{"userEmail":"andy@chapmandigital.co.uk","userFirstName":"Andy","newPassword":"******","usrId":7,"userLastName":"Chapman"}'),
	('5a894e13373b79d816eae743', 'commands.passwordresetinitiate.PasswordResetInitiateCommand', '2018-02-18 09:57:39', 7, 8347868, '{"eventCreated":636545446590264984,"eventReceived":636545446590264984,"eventDispatched":636545446598612852,"eventProcessingTime":8347868}', '{"userEmail":"andy@chapmandigital.co.uk","userFirstName":"Andy","newPassword":"******","usrId":7,"userLastName":"Chapman"}'),
	('5a894e73373b79d816eae744', 'commands.incrementfailedpincount.IncrementFailedPinCountCommand', '2018-02-18 09:59:15', 7, 69885, '{"eventCreated":636545447552810806,"eventReceived":636545447552810806,"eventDispatched":636545447552880691,"eventProcessingTime":69885}', '{"usrId":7}'),
	('5a894eb0373b79d816eae745', 'commands.passwordresetcomplete.PasswordResetCompleteCommand', '2018-02-18 10:00:16', 7, 120357, '{"eventCreated":636545448167285833,"eventReceived":636545448167285833,"eventDispatched":636545448167406190,"eventProcessingTime":120357}', '{"usrId":7}'),
	('5a894ebc373b79d816eae746', 'commands.assignprefix.AssignPrefixCommand', '2018-02-18 10:00:28', 7, 70185, '{"eventCreated":636545448284520927,"eventReceived":636545448284520927,"eventDispatched":636545448284591112,"eventProcessingTime":70185}', '{"usrId":7,"prefix":"C4E20FD8"}'),
	('5a894ebc373b79d816eae747', 'commands.login.LoginCommand', '2018-02-18 10:00:28', 7, 230881, '{"eventCreated":636545448284520927,"eventReceived":636545448284641240,"eventDispatched":636545448284751808,"eventProcessingTime":230881}', '{"prefix":"C4E20FD8","ipAddress":"127.0.0.1","usrType":0,"usrId":7,"userAgent":"Mozilla/5.0 (Windows NT 10.0; Win64; x64; rv:58.0) Gecko/20100101 Firefox/58.0"}'),
	('5a894fc94c0b218853e5edde', 'commands.createprefix.CreatePrefixCommand', '2018-02-18 10:04:57', 0, 70309, '{"eventCreated":636545450971366205,"eventReceived":636545450971366205,"eventDispatched":636545450971436514,"eventProcessingTime":70309}', '{"timestamp":636545450971296210,"ipAddress":"127.0.0.1","userAgent":"Mozilla/5.0 (Windows NT 10.0; Win64; x64; rv:58.0) Gecko/20100101 Firefox/58.0"}'),
	('5a894fc94c0b218853e5eddf', 'commands.assignprefix.AssignPrefixCommand', '2018-02-18 10:04:57', 7, 77999, '{"eventCreated":636545450976449670,"eventReceived":636545450976449670,"eventDispatched":636545450976527669,"eventProcessingTime":77999}', '{"usrId":7,"prefix":"0BF5598A"}'),
	('5a894fc94c0b218853e5ede0', 'commands.login.LoginCommand', '2018-02-18 10:04:57', 7, 239184, '{"eventCreated":636545450976449670,"eventReceived":636545450976588883,"eventDispatched":636545450976688854,"eventProcessingTime":239184}', '{"prefix":"0BF5598A","ipAddress":"127.0.0.1","usrType":0,"usrId":7,"userAgent":"Mozilla/5.0 (Windows NT 10.0; Win64; x64; rv:58.0) Gecko/20100101 Firefox/58.0"}'),
	('5a894fda4c0b218853e5ede1', 'commands.login.LoginCommand', '2018-02-18 10:05:14', 7, 127799, '{"eventCreated":636545451143314144,"eventReceived":636545451143314144,"eventDispatched":636545451143441943,"eventProcessingTime":127799}', '{"prefix":"0BF5598A","ipAddress":"127.0.0.1","usrType":0,"usrId":7,"userAgent":"Mozilla/5.0 (Windows NT 10.0; Win64; x64; rv:58.0) Gecko/20100101 Firefox/58.0"}'),
	('5a89511b59a61e88323c9990', 'commands.login.LoginCommand', '2018-02-18 10:10:35', 7, 185158, '{"eventCreated":636545454351315899,"eventReceived":636545454351315899,"eventDispatched":636545454351501057,"eventProcessingTime":185158}', '{"prefix":"0BF5598A","ipAddress":"127.0.0.1","usrType":0,"usrId":7,"userAgent":"Mozilla/5.0 (Windows NT 10.0; Win64; x64; rv:58.0) Gecko/20100101 Firefox/58.0"}'),
	('5a89514f59a61e88323c9991', 'commands.login.LoginCommand', '2018-02-18 10:11:27', 7, 140410, '{"eventCreated":636545454872152551,"eventReceived":636545454872152551,"eventDispatched":636545454872292961,"eventProcessingTime":140410}', '{"prefix":"0BF5598A","ipAddress":"127.0.0.1","usrType":0,"usrId":7,"userAgent":"Mozilla/5.0 (Windows NT 10.0; Win64; x64; rv:58.0) Gecko/20100101 Firefox/58.0"}'),
	('5a895273578482381c457179', 'commands.login.LoginCommand', '2018-02-18 10:16:19', 7, 190519, '{"eventCreated":636545457798275775,"eventReceived":636545457798275775,"eventDispatched":636545457798466294,"eventProcessingTime":190519}', '{"prefix":"0BF5598A","ipAddress":"127.0.0.1","usrType":0,"usrId":7,"userAgent":"Mozilla/5.0 (Windows NT 10.0; Win64; x64; rv:58.0) Gecko/20100101 Firefox/58.0"}'),
	('5a8952d1ab408a9c4af598cd', 'commands.login.LoginCommand', '2018-02-18 10:17:53', 7, 111914, '{"eventCreated":636545458737910079,"eventReceived":636545458737910079,"eventDispatched":636545458738021993,"eventProcessingTime":111914}', '{"prefix":"0BF5598A","ipAddress":"127.0.0.1","usrType":0,"usrId":7,"userAgent":"Mozilla/5.0 (Windows NT 10.0; Win64; x64; rv:58.0) Gecko/20100101 Firefox/58.0"}'),
	('5a89535df0d6d36c39b746b9', 'commands.login.LoginCommand', '2018-02-18 10:20:13', 7, 180735, '{"eventCreated":636545460138530546,"eventReceived":636545460138530546,"eventDispatched":636545460138711281,"eventProcessingTime":180735}', '{"prefix":"0BF5598A","ipAddress":"127.0.0.1","usrType":0,"usrId":7,"userAgent":"Mozilla/5.0 (Windows NT 10.0; Win64; x64; rv:58.0) Gecko/20100101 Firefox/58.0"}'),
	('5a8953b35e7b19804128c788', 'commands.login.LoginCommand', '2018-02-18 10:21:39', 7, 130348, '{"eventCreated":636545460997047378,"eventReceived":636545460997047378,"eventDispatched":636545460997177726,"eventProcessingTime":130348}', '{"prefix":"0BF5598A","ipAddress":"127.0.0.1","usrType":0,"usrId":7,"userAgent":"Mozilla/5.0 (Windows NT 10.0; Win64; x64; rv:58.0) Gecko/20100101 Firefox/58.0"}'),
	('5a8955ed82f9ed044cb2b9ef', 'commands.createprefix.CreatePrefixCommand', '2018-02-18 10:31:09', 0, 70184, '{"eventCreated":636545466690507265,"eventReceived":636545466690507265,"eventDispatched":636545466690577449,"eventProcessingTime":70184}', '{"timestamp":636545466690337138,"ipAddress":"192.168.1.5","userAgent":"Mozilla/5.0 (Android 8.0.0; Mobile; rv:58.0) Gecko/58.0 Firefox/58.0"}'),
	('5a8955ed82f9ed044cb2b9f0', 'commands.assignprefix.AssignPrefixCommand', '2018-02-18 10:31:09', 7, 71064, '{"eventCreated":636545466694436790,"eventReceived":636545466694436790,"eventDispatched":636545466694507854,"eventProcessingTime":71064}', '{"usrId":7,"prefix":"A5FE5ED1"}'),
	('5a8955ed82f9ed044cb2b9f1', 'commands.login.LoginCommand', '2018-02-18 10:31:09', 7, 251110, '{"eventCreated":636545466694436790,"eventReceived":636545466694567186,"eventDispatched":636545466694687900,"eventProcessingTime":251110}', '{"prefix":"A5FE5ED1","ipAddress":"192.168.1.5","usrType":0,"usrId":7,"userAgent":"Mozilla/5.0 (Android 8.0.0; Mobile; rv:58.0) Gecko/58.0 Firefox/58.0"}'),
	('5a89562f82f9ed044cb2b9f2', 'commands.createprefix.CreatePrefixCommand', '2018-02-18 10:32:15', 0, 80220, '{"eventCreated":636545467355835351,"eventReceived":636545467355835351,"eventDispatched":636545467355915571,"eventProcessingTime":80220}', '{"timestamp":636545467355835351,"ipAddress":"192.168.1.6","userAgent":"Mozilla/5.0 (Windows NT 10.0; Win64; x64) AppleWebKit/537.36 (KHTML, like Gecko) Chrome/64.0.3282.167 Safari/537.36"}'),
	('5a89563082f9ed044cb2b9f3', 'commands.assignprefix.AssignPrefixCommand', '2018-02-18 10:32:15', 7, 90169, '{"eventCreated":636545467359926287,"eventReceived":636545467359926287,"eventDispatched":636545467360016456,"eventProcessingTime":90169}', '{"usrId":7,"prefix":"3C97BF51"}'),
	('5a89563082f9ed044cb2b9f4', 'commands.login.LoginCommand', '2018-02-18 10:32:15', 7, 289546, '{"eventCreated":636545467359926287,"eventReceived":636545467360066599,"eventDispatched":636545467360215833,"eventProcessingTime":289546}', '{"prefix":"3C97BF51","ipAddress":"192.168.1.6","usrType":0,"usrId":7,"userAgent":"Mozilla/5.0 (Windows NT 10.0; Win64; x64) AppleWebKit/537.36 (KHTML, like Gecko) Chrome/64.0.3282.167 Safari/537.36"}'),
	('5a8956713986dbd82c504942', 'commands.login.LoginCommand', '2018-02-18 10:33:21', 7, 140384, '{"eventCreated":636545468018660406,"eventReceived":636545468018660406,"eventDispatched":636545468018800790,"eventProcessingTime":140384}', '{"prefix":"A5FE5ED1","ipAddress":"192.168.1.5","usrType":0,"usrId":7,"userAgent":"Mozilla/5.0 (Android 8.0.0; Mobile; rv:58.0) Gecko/58.0 Firefox/58.0"}'),
	('5a8a9b10f61701d004d01c68', 'commands.createprefix.CreatePrefixCommand', '2018-02-19 09:38:24', 0, 70214, '{"eventCreated":636546299044903387,"eventReceived":636546299044903387,"eventDispatched":636546299044973601,"eventProcessingTime":70214}', '{"timestamp":636546299044838224,"ipAddress":"127.0.0.1","userAgent":"Mozilla/5.0 (Windows NT 10.0; Win64; x64; rv:58.0) Gecko/20100101 Firefox/58.0"}'),
	('5a8a9b10f61701d004d01c69', 'commands.assignprefix.AssignPrefixCommand', '2018-02-19 09:38:24', 7, 85239, '{"eventCreated":636546299049635953,"eventReceived":636546299049635953,"eventDispatched":636546299049721192,"eventProcessingTime":85239}', '{"usrId":7,"prefix":"F8AD6C98"}'),
	('5a8a9b10f61701d004d01c6a', 'commands.login.LoginCommand', '2018-02-19 09:38:24', 7, 320868, '{"eventCreated":636546299049635953,"eventReceived":636546299049801398,"eventDispatched":636546299049956821,"eventProcessingTime":320868}', '{"prefix":"F8AD6C98","ipAddress":"127.0.0.1","usrType":0,"usrId":7,"userAgent":"Mozilla/5.0 (Windows NT 10.0; Win64; x64; rv:58.0) Gecko/20100101 Firefox/58.0"}'),
	('5a8a9e6cf61701d004d01c6b', 'commands.extendtoken.ExtendTokenCommand', '2018-02-19 09:52:44', 7, 105266, '{"eventCreated":636546307644184780,"eventReceived":636546307644184780,"eventDispatched":636546307644290046,"eventProcessingTime":105266}', '{"prefix":"F8AD6C98","usrId":7,"ipAddress":"127.0.0.1","usrType":0,"tokenCode":"csCUE776mpgfITyPszh3ucFXAUxjz","userAgent":"Mozilla/5.0 (Windows NT 10.0; Win64; x64; rv:58.0) Gecko/20100101 Firefox/58.0"}'),
	('5a8a9e6cf61701d004d01c6c', 'commands.updateuser.UpdateUserCommand', '2018-02-19 09:52:44', 7, 65120, '{"eventCreated":636546307644385371,"eventReceived":636546307644385371,"eventDispatched":636546307644450491,"eventProcessingTime":65120}', '{"lastName":"Chapman","firstName":"Andy","usrType":0,"usrId":7}'),
	('5a8a9ee23ba2226c553a7555', 'commands.extendtoken.ExtendTokenCommand', '2018-02-19 09:54:42', 7, 98089, '{"eventCreated":636546308824451191,"eventReceived":636546308824451191,"eventDispatched":636546308824549280,"eventProcessingTime":98089}', '{"prefix":"F8AD6C98","usrId":7,"ipAddress":"127.0.0.1","usrType":0,"tokenCode":"csCUE776mpgfITyPszh3ucFXAUxjz","userAgent":"Mozilla/5.0 (Windows NT 10.0; Win64; x64; rv:58.0) Gecko/20100101 Firefox/58.0"}'),
	('5a8a9ee23ba2226c553a7556', 'commands.updateuser.UpdateUserCommand', '2018-02-19 09:54:42', 7, 54525, '{"eventCreated":636546308824610724,"eventReceived":636546308824610724,"eventDispatched":636546308824665249,"eventProcessingTime":54525}', '{"lastName":"Chapman","firstName":"Andy","usrType":0,"usrId":7}'),
	('5a8bd257bb9e7b4043d0c63a', 'commands.login.LoginCommand', '2018-02-20 07:46:31', 1, 323879, '{"eventCreated":636547095914752542,"eventReceived":636547095914752542,"eventDispatched":636547095915076421,"eventProcessingTime":323879}', '{"prefix":"BFE3C4EF","ipAddress":"127.0.0.1","usrType":0,"usrId":1,"userAgent":"PostmanRuntime/7.1.1"}'),
	('5a8bd2bdbb9e7b4043d0c63b', 'commands.createprefix.CreatePrefixCommand', '2018-02-20 07:48:13', 0, 80085, '{"eventCreated":636547096936625893,"eventReceived":636547096936625893,"eventDispatched":636547096936705978,"eventProcessingTime":80085}', '{"timestamp":636547096936625893,"ipAddress":"127.0.0.1","userAgent":"Mozilla/5.0 (Windows NT 10.0; Win64; x64; rv:58.0) Gecko/20100101 Firefox/58.0"}'),
	('5a8bd2bebb9e7b4043d0c63c', 'commands.assignprefix.AssignPrefixCommand', '2018-02-20 07:48:14', 7, 70804, '{"eventCreated":636547096941259097,"eventReceived":636547096941259097,"eventDispatched":636547096941329901,"eventProcessingTime":70804}', '{"usrId":7,"prefix":"8CF587C7"}'),
	('5a8bd2bebb9e7b4043d0c63d', 'commands.login.LoginCommand', '2018-02-20 07:48:14', 7, 291405, '{"eventCreated":636547096941259097,"eventReceived":636547096941381006,"eventDispatched":636547096941550502,"eventProcessingTime":291405}', '{"prefix":"8CF587C7","ipAddress":"127.0.0.1","usrType":0,"usrId":7,"userAgent":"Mozilla/5.0 (Windows NT 10.0; Win64; x64; rv:58.0) Gecko/20100101 Firefox/58.0"}'),
	('5a8bd62bcecc273c3bcaa88b', 'commands.extendtoken.ExtendTokenCommand', '2018-02-20 08:02:51', 7, 111572, '{"eventCreated":636547105719866390,"eventReceived":636547105719866390,"eventDispatched":636547105719977962,"eventProcessingTime":111572}', '{"prefix":"8CF587C7","usrId":7,"ipAddress":"127.0.0.1","usrType":0,"tokenCode":"VEL8erLbJXnwqc4yUIpcxdsavwD52","userAgent":"Mozilla/5.0 (Windows NT 10.0; Win64; x64; rv:58.0) Gecko/20100101 Firefox/58.0"}'),
	('5a8bd62ccecc273c3bcaa88c', 'commands.updateuser.UpdateUserCommand', '2018-02-20 08:02:52', 7, 69860, '{"eventCreated":636547105720037177,"eventReceived":636547105720037177,"eventDispatched":636547105720107037,"eventProcessingTime":69860}', '{"lastName":"Chapman","firstName":"Andy","usrType":0,"usrId":7}'),
	('5a8c5a84bc53e58c4ae5cf97', 'commands.createprefix.CreatePrefixCommand', '2018-02-20 17:27:32', 0, 60131, '{"eventCreated":636547444528299372,"eventReceived":636547444528299372,"eventDispatched":636547444528359503,"eventProcessingTime":60131}', '{"timestamp":636547444528118867,"ipAddress":"127.0.0.1","userAgent":"Mozilla/5.0 (Windows NT 10.0; Win64; x64; rv:58.0) Gecko/20100101 Firefox/58.0"}'),
	('5a8c5a85bc53e58c4ae5cf98', 'commands.assignprefix.AssignPrefixCommand', '2018-02-20 17:27:33', 7, 70531, '{"eventCreated":636547444532578299,"eventReceived":636547444532578299,"eventDispatched":636547444532648830,"eventProcessingTime":70531}', '{"usrId":7,"prefix":"1209E336"}'),
	('5a8c5a85bc53e58c4ae5cf99', 'commands.login.LoginCommand', '2018-02-20 17:27:33', 7, 290968, '{"eventCreated":636547444532578299,"eventReceived":636547444532718679,"eventDispatched":636547444532869267,"eventProcessingTime":290968}', '{"prefix":"1209E336","ipAddress":"127.0.0.1","usrType":0,"usrId":7,"userAgent":"Mozilla/5.0 (Windows NT 10.0; Win64; x64; rv:58.0) Gecko/20100101 Firefox/58.0"}'),
	('5a8c5b623d44c7281163c5ca', 'commands.extendtoken.ExtendTokenCommand', '2018-02-20 17:31:14', 7, 80421, '{"eventCreated":636547446740227712,"eventReceived":636547446740227712,"eventDispatched":636547446740308133,"eventProcessingTime":80421}', '{"prefix":"1209E336","usrId":7,"ipAddress":"127.0.0.1","usrType":0,"tokenCode":"llwuNMnyhypRTMv2qH3SWWOjayTMN","userAgent":"Mozilla/5.0 (Windows NT 10.0; Win64; x64; rv:58.0) Gecko/20100101 Firefox/58.0"}'),
	('5a8c5b6f3d44c7281163c5cb', 'commands.extendtoken.ExtendTokenCommand', '2018-02-20 17:31:27', 7, 95449, '{"eventCreated":636547446872813498,"eventReceived":636547446872813498,"eventDispatched":636547446872908947,"eventProcessingTime":95449}', '{"prefix":"1209E336","usrId":7,"ipAddress":"127.0.0.1","usrType":0,"tokenCode":"llwuNMnyhypRTMv2qH3SWWOjayTMN","userAgent":"Mozilla/5.0 (Windows NT 10.0; Win64; x64; rv:58.0) Gecko/20100101 Firefox/58.0"}'),
	('5a8c5b853d44c7281163c5cc', 'commands.extendtoken.ExtendTokenCommand', '2018-02-20 17:31:49', 7, 100259, '{"eventCreated":636547447096772776,"eventReceived":636547447096772776,"eventDispatched":636547447096873035,"eventProcessingTime":100259}', '{"prefix":"1209E336","usrId":7,"ipAddress":"127.0.0.1","usrType":0,"tokenCode":"llwuNMnyhypRTMv2qH3SWWOjayTMN","userAgent":"Mozilla/5.0 (Windows NT 10.0; Win64; x64; rv:58.0) Gecko/20100101 Firefox/58.0"}'),
	('5a8c5b863d44c7281163c5cd', 'commands.changepassword.ChangePasswordCommand', '2018-02-20 17:31:50', 7, 3484679, '{"eventCreated":636547447100168078,"eventReceived":636547447100168078,"eventDispatched":636547447103652757,"eventProcessingTime":3484679}', '{"password":"B1ueMango1977","usrId":7}'),
	('5a8c5c38042016a83352b9d9', 'commands.extendtoken.ExtendTokenCommand', '2018-02-20 17:34:48', 7, 100161, '{"eventCreated":636547448888868712,"eventReceived":636547448888868712,"eventDispatched":636547448888968873,"eventProcessingTime":100161}', '{"prefix":"1209E336","usrId":7,"ipAddress":"127.0.0.1","usrType":0,"tokenCode":"llwuNMnyhypRTMv2qH3SWWOjayTMN","userAgent":"Mozilla/5.0 (Windows NT 10.0; Win64; x64; rv:58.0) Gecko/20100101 Firefox/58.0"}'),
	('5a8c5c47042016a83352b9da', 'commands.extendtoken.ExtendTokenCommand', '2018-02-20 17:35:03', 7, 105387, '{"eventCreated":636547449035261466,"eventReceived":636547449035261466,"eventDispatched":636547449035366853,"eventProcessingTime":105387}', '{"prefix":"1209E336","usrId":7,"ipAddress":"127.0.0.1","usrType":0,"tokenCode":"llwuNMnyhypRTMv2qH3SWWOjayTMN","userAgent":"Mozilla/5.0 (Windows NT 10.0; Win64; x64; rv:58.0) Gecko/20100101 Firefox/58.0"}'),
	('5a8c5c48042016a83352b9db', 'commands.changepassword.ChangePasswordCommand', '2018-02-20 17:35:03', 7, 3340634, '{"eventCreated":636547449038678051,"eventReceived":636547449038678051,"eventDispatched":636547449042018685,"eventProcessingTime":3340634}', '{"password":"B1ueMango1977","usrId":7}'),
	('5a8c693fdc16acc8303f1ad4', 'commands.extendtoken.ExtendTokenCommand', '2018-02-20 18:30:23', 7, 105503, '{"eventCreated":636547482236472191,"eventReceived":636547482236472191,"eventDispatched":636547482236577694,"eventProcessingTime":105503}', '{"prefix":"1209E336","usrId":7,"ipAddress":"127.0.0.1","usrType":0,"tokenCode":"llwuNMnyhypRTMv2qH3SWWOjayTMN","userAgent":"Mozilla/5.0 (Windows NT 10.0; Win64; x64; rv:58.0) Gecko/20100101 Firefox/58.0"}'),
	('5a8c6962dc16acc8303f1ad5', 'commands.extendtoken.ExtendTokenCommand', '2018-02-20 18:30:58', 7, 90241, '{"eventCreated":636547482586232048,"eventReceived":636547482586232048,"eventDispatched":636547482586322289,"eventProcessingTime":90241}', '{"prefix":"1209E336","usrId":7,"ipAddress":"127.0.0.1","usrType":0,"tokenCode":"llwuNMnyhypRTMv2qH3SWWOjayTMN","userAgent":"Mozilla/5.0 (Windows NT 10.0; Win64; x64; rv:58.0) Gecko/20100101 Firefox/58.0"}'),
	('5a8c6973dc16acc8303f1ad6', 'commands.extendtoken.ExtendTokenCommand', '2018-02-20 18:31:15', 7, 121545, '{"eventCreated":636547482757293184,"eventReceived":636547482757293184,"eventDispatched":636547482757414729,"eventProcessingTime":121545}', '{"prefix":"1209E336","usrId":7,"ipAddress":"127.0.0.1","usrType":0,"tokenCode":"llwuNMnyhypRTMv2qH3SWWOjayTMN","userAgent":"Mozilla/5.0 (Windows NT 10.0; Win64; x64; rv:58.0) Gecko/20100101 Firefox/58.0"}'),
	('5a8c697fdc16acc8303f1ad7', 'commands.extendtoken.ExtendTokenCommand', '2018-02-20 18:31:27', 7, 87415, '{"eventCreated":636547482878093052,"eventReceived":636547482878093052,"eventDispatched":636547482878180467,"eventProcessingTime":87415}', '{"prefix":"1209E336","usrId":7,"ipAddress":"127.0.0.1","usrType":0,"tokenCode":"llwuNMnyhypRTMv2qH3SWWOjayTMN","userAgent":"Mozilla/5.0 (Windows NT 10.0; Win64; x64; rv:58.0) Gecko/20100101 Firefox/58.0"}'),
	('5a8c697fdc16acc8303f1ad8', 'commands.changeemail.ChangeEmailCommand', '2018-02-20 18:31:27', 7, 50817, '{"eventCreated":636547482878330858,"eventReceived":636547482878330858,"eventDispatched":636547482878381675,"eventProcessingTime":50817}', '{"emailAddress":"nycran@gmail.com","usrId":7}'),
	('5a8c6d175f4e44fc2fa072ab', 'commands.extendtoken.ExtendTokenCommand', '2018-02-20 18:46:47', 7, 90230, '{"eventCreated":636547492074087158,"eventReceived":636547492074087158,"eventDispatched":636547492074177388,"eventProcessingTime":90230}', '{"prefix":"1209E336","usrId":7,"ipAddress":"127.0.0.1","usrType":0,"tokenCode":"llwuNMnyhypRTMv2qH3SWWOjayTMN","userAgent":"Mozilla/5.0 (Windows NT 10.0; Win64; x64; rv:58.0) Gecko/20100101 Firefox/58.0"}'),
	('5a8c6d175f4e44fc2fa072ac', 'commands.changeemail.ChangeEmailCommand', '2018-02-20 18:46:47', 7, 50142, '{"eventCreated":636547492074298511,"eventReceived":636547492074308539,"eventDispatched":636547492074348653,"eventProcessingTime":50142}', '{"emailAddress":"andy@chapmandigital.co.uk","usrId":7}'),
	('5a8c82765f4e44fc2fa072ad', 'commands.login.LoginCommand', '2018-02-20 20:17:58', 7, 155412, '{"eventCreated":636547546783130044,"eventReceived":636547546783130044,"eventDispatched":636547546783285456,"eventProcessingTime":155412}', '{"prefix":"1209E336","ipAddress":"127.0.0.1","usrType":0,"usrId":7,"userAgent":"Mozilla/5.0 (Windows NT 10.0; Win64; x64; rv:58.0) Gecko/20100101 Firefox/58.0"}'),
	('5a8c82945f4e44fc2fa072ae', 'commands.extendtoken.ExtendTokenCommand', '2018-02-20 20:18:28', 7, 85498, '{"eventCreated":636547547086194705,"eventReceived":636547547086194705,"eventDispatched":636547547086280203,"eventProcessingTime":85498}', '{"prefix":"1209E336","usrId":7,"ipAddress":"127.0.0.1","usrType":0,"tokenCode":"780t5ZX1BMprwZxx3TkN58qT8OBju","userAgent":"Mozilla/5.0 (Windows NT 10.0; Win64; x64; rv:58.0) Gecko/20100101 Firefox/58.0"}'),
	('5a8c82945f4e44fc2fa072af', 'commands.changeemail.ChangeEmailCommand', '2018-02-20 20:18:28', 7, 55211, '{"eventCreated":636547547086420291,"eventReceived":636547547086420291,"eventDispatched":636547547086475502,"eventProcessingTime":55211}', '{"emailAddress":"nycran@gmail.com","usrId":7}'),
	('5a8c82e3d379aec01f257b3f', 'commands.extendtoken.ExtendTokenCommand', '2018-02-20 20:19:47', 7, 100003, '{"eventCreated":636547547871070772,"eventReceived":636547547871070772,"eventDispatched":636547547871170775,"eventProcessingTime":100003}', '{"prefix":"1209E336","usrId":7,"ipAddress":"127.0.0.1","usrType":0,"tokenCode":"780t5ZX1BMprwZxx3TkN58qT8OBju","userAgent":"Mozilla/5.0 (Windows NT 10.0; Win64; x64; rv:58.0) Gecko/20100101 Firefox/58.0"}'),
	('5a8c82e3d379aec01f257b40', 'commands.changeemail.ChangeEmailCommand', '2018-02-20 20:19:47', 7, 55178, '{"eventCreated":636547547871297667,"eventReceived":636547547871297667,"eventDispatched":636547547871352845,"eventProcessingTime":55178}', '{"emailAddress":"andy@chapmandigital.co.uk","usrId":7}'),
	('5a8c8b579d47d8183798122a', 'commands.login.LoginCommand', '2018-02-20 20:55:51', 7, 165514, '{"eventCreated":636547569516288156,"eventReceived":636547569516288156,"eventDispatched":636547569516453670,"eventProcessingTime":165514}', '{"prefix":"A5FE5ED1","ipAddress":"192.168.1.5","usrType":0,"usrId":7,"userAgent":"Mozilla/5.0 (Android 8.0.0; Mobile; rv:58.0) Gecko/58.0 Firefox/58.0"}'),
	('5a8df120dd52959055cacd79', 'commands.login.LoginCommand', '2018-02-21 22:22:24', 7, 360813, '{"eventCreated":636548485440390129,"eventReceived":636548485440390129,"eventDispatched":636548485440750942,"eventProcessingTime":360813}', '{"prefix":"A5FE5ED1","ipAddress":"192.168.1.5","usrType":0,"usrId":7,"userAgent":"Mozilla/5.0 (Android 8.0.0; Mobile; rv:58.0) Gecko/58.0 Firefox/58.0"}'),
	('5a8e0175dd52959055cacd7a', 'commands.createprefix.CreatePrefixCommand', '2018-02-21 23:32:05', 0, 70199, '{"eventCreated":636548527253488803,"eventReceived":636548527253488803,"eventDispatched":636548527253559002,"eventProcessingTime":70199}', '{"timestamp":636548527253483789,"ipAddress":"127.0.0.1","userAgent":"Mozilla/5.0 (Windows NT 10.0; Win64; x64; rv:58.0) Gecko/20100101 Firefox/58.0"}'),
	('5a8e0175dd52959055cacd7b', 'commands.assignprefix.AssignPrefixCommand', '2018-02-21 23:32:05', 7, 75184, '{"eventCreated":636548527257519502,"eventReceived":636548527257519502,"eventDispatched":636548527257594686,"eventProcessingTime":75184}', '{"usrId":7,"prefix":"39460871"}'),
	('5a8e0175dd52959055cacd7c', 'commands.login.LoginCommand', '2018-02-21 23:32:05', 7, 255675, '{"eventCreated":636548527257519502,"eventReceived":636548527257664875,"eventDispatched":636548527257775177,"eventProcessingTime":255675}', '{"prefix":"39460871","ipAddress":"127.0.0.1","usrType":0,"usrId":7,"userAgent":"Mozilla/5.0 (Windows NT 10.0; Win64; x64; rv:58.0) Gecko/20100101 Firefox/58.0"}'),
	('5a8e017ddd52959055cacd7d', 'commands.extendtoken.ExtendTokenCommand', '2018-02-21 23:32:13', 7, 105558, '{"eventCreated":636548527332943881,"eventReceived":636548527332943881,"eventDispatched":636548527333049439,"eventProcessingTime":105558}', '{"prefix":"39460871","usrId":7,"ipAddress":"127.0.0.1","usrType":0,"tokenCode":"ttfYYTBrVBVlwoVHUunpRK5fHN7QQ","userAgent":"Mozilla/5.0 (Windows NT 10.0; Win64; x64; rv:58.0) Gecko/20100101 Firefox/58.0"}'),
	('5a8e017ddd52959055cacd7e', 'commands.updateuser.UpdateUserCommand', '2018-02-21 23:32:13', 7, 60156, '{"eventCreated":636548527333119347,"eventReceived":636548527333119347,"eventDispatched":636548527333179503,"eventProcessingTime":60156}', '{"lastName":"Chapman","firstName":"Andy","usrType":0,"usrId":7}');
/*!40000 ALTER TABLE `commandLog` ENABLE KEYS */;

-- Dumping structure for table wellrestd.prefix
CREATE TABLE IF NOT EXISTS `prefix` (
  `prefix` varchar(10) NOT NULL,
  `usrId` int(10) unsigned DEFAULT NULL COMMENT 'Keys to the usr table, may be blank initially before the token is paired with a user',
  PRIMARY KEY (`prefix`),
  KEY `fk_prefix_usr_idx` (`usrId`),
  CONSTRAINT `fk_prefix_usr` FOREIGN KEY (`usrId`) REFERENCES `usr` (`usrId`) ON DELETE CASCADE ON UPDATE NO ACTION
) ENGINE=InnoDB DEFAULT CHARSET=utf8mb4;

-- Dumping data for table wellrestd.prefix: ~20 rows (approximately)
/*!40000 ALTER TABLE `prefix` DISABLE KEYS */;
INSERT INTO `prefix` (`prefix`, `usrId`) VALUES
	('49093A25', NULL),
	('496DC596', NULL),
	('61B96951', NULL),
	('806D851E', NULL),
	('DBAA4B5B', NULL),
	('346E9255', 1),
	('8CA2BBBD', 1),
	('93CF712A', 1),
	('BFE3C4EF', 1),
	('C7360816', 1),
	('EA676483', 1),
	('0BF5598A', 7),
	('1209E336', 7),
	('39460871', 7),
	('3C97BF51', 7),
	('84A19F4E', 7),
	('8CF587C7', 7),
	('A5FE5ED1', 7),
	('C4E20FD8', 7),
	('F8AD6C98', 7);
/*!40000 ALTER TABLE `prefix` ENABLE KEYS */;

-- Dumping structure for table wellrestd.token
CREATE TABLE IF NOT EXISTS `token` (
  `tokenCode` varchar(50) NOT NULL,
  `ipAddress` varchar(255) NOT NULL COMMENT 'The users IP address',
  `userAgent` text DEFAULT NULL,
  `prefix` varchar(10) NOT NULL COMMENT 'Keys to the prefix table',
  `expiresAt` bigint(20) NOT NULL COMMENT 'The date/time the token expires',
  `usrId` int(10) unsigned NOT NULL,
  `usrType` smallint(5) unsigned DEFAULT NULL,
  PRIMARY KEY (`tokenCode`),
  KEY `fk_tokens_prefix_idx` (`prefix`),
  KEY `fk_token_usrId_idx` (`usrId`),
  CONSTRAINT `fk_token_usrId` FOREIGN KEY (`usrId`) REFERENCES `usr` (`usrId`) ON DELETE CASCADE ON UPDATE NO ACTION,
  CONSTRAINT `fk_tokens_prefix` FOREIGN KEY (`prefix`) REFERENCES `prefix` (`prefix`) ON DELETE CASCADE ON UPDATE NO ACTION
) ENGINE=InnoDB DEFAULT CHARSET=utf8mb4;

-- Dumping data for table wellrestd.token: ~11 rows (approximately)
/*!40000 ALTER TABLE `token` DISABLE KEYS */;
INSERT INTO `token` (`tokenCode`, `ipAddress`, `userAgent`, `prefix`, `expiresAt`, `usrId`, `usrType`) VALUES
	('780t5ZX1BMprwZxx3TkN58qT8OBju', '127.0.0.1', 'Mozilla/5.0 (Windows NT 10.0; Win64; x64; rv:58.0) Gecko/20100101 Firefox/58.0', '1209E336', 1519161587, 7, 0),
	('csCUE776mpgfITyPszh3ucFXAUxjz', '127.0.0.1', 'Mozilla/5.0 (Windows NT 10.0; Win64; x64; rv:58.0) Gecko/20100101 Firefox/58.0', 'F8AD6C98', 1519037682, 7, 0),
	('KN7SXbNwVMp3vsmb2CUgfyRHuZpim', '192.168.1.5', 'Mozilla/5.0 (Android 8.0.0; Mobile; rv:58.0) Gecko/58.0 Firefox/58.0', 'A5FE5ED1', 1518953469, 7, 0),
	('llwuNMnyhypRTMv2qH3SWWOjayTMN', '127.0.0.1', 'Mozilla/5.0 (Windows NT 10.0; Win64; x64; rv:58.0) Gecko/20100101 Firefox/58.0', '1209E336', 1519156007, 7, 0),
	('OUHOTbrdQC0bKvQNp5PgVsHYliL8U', '192.168.1.5', 'Mozilla/5.0 (Android 8.0.0; Mobile; rv:58.0) Gecko/58.0 Firefox/58.0', 'A5FE5ED1', 1519163751, 7, 0),
	('pactnJTRTj6NALnteFKEf3ToX2iPd', '192.168.1.5', 'Mozilla/5.0 (Android 8.0.0; Mobile; rv:58.0) Gecko/58.0 Firefox/58.0', 'A5FE5ED1', 1518953601, 7, 0),
	('pErZQEOh2zEw30d0NpXjceJc7HUMN', '192.168.1.5', 'Mozilla/5.0 (Android 8.0.0; Mobile; rv:58.0) Gecko/58.0 Firefox/58.0', 'A5FE5ED1', 1519255344, 7, 0),
	('ttfYYTBrVBVlwoVHUunpRK5fHN7QQ', '127.0.0.1', 'Mozilla/5.0 (Windows NT 10.0; Win64; x64; rv:58.0) Gecko/20100101 Firefox/58.0', '39460871', 1519259533, 7, 0),
	('vd0SHZOQ7R3j7UhhwIds5P2cSm7tY', '192.168.1.6', 'Mozilla/5.0 (Windows NT 10.0; Win64; x64) AppleWebKit/537.36 (KHTML, like Gecko) Chrome/64.0.3282.167 Safari/537.36', '3C97BF51', 1518953536, 7, 0),
	('VEL8erLbJXnwqc4yUIpcxdsavwD52', '127.0.0.1', 'Mozilla/5.0 (Windows NT 10.0; Win64; x64; rv:58.0) Gecko/20100101 Firefox/58.0', '8CF587C7', 1519117371, 7, 0),
	('yX8trVY3UnkWxduEO2nOe2lYRNB4D', '127.0.0.1', 'PostmanRuntime/7.1.1', 'BFE3C4EF', 1519116391, 1, 0);
/*!40000 ALTER TABLE `token` ENABLE KEYS */;

-- Dumping structure for table wellrestd.usr
CREATE TABLE IF NOT EXISTS `usr` (
  `usrId` int(10) unsigned NOT NULL AUTO_INCREMENT,
  `usrType` smallint(5) unsigned NOT NULL COMMENT '0 = general, 1 = admin',
  `username` varchar(255) NOT NULL,
  `email` varchar(255) NOT NULL,
  `password` varchar(150) NOT NULL,
  `firstName` varchar(255) NOT NULL,
  `lastName` varchar(255) NOT NULL,
  `newPasswordPin` int(10) unsigned DEFAULT NULL,
  `newPassword` varchar(150) DEFAULT NULL COMMENT 'Used to store the hash of the intended login password after a password reset request',
  `deleted` smallint(6) NOT NULL DEFAULT 0,
  `numLoginAttempts` tinyint(3) unsigned NOT NULL DEFAULT 0 COMMENT 'Is incremented whenever an incorrect password is entered',
  `lastLoginAttempt` timestamp NULL DEFAULT NULL,
  `numPinAttempts` tinyint(4) NOT NULL DEFAULT 0 COMMENT 'Incremented whenever an incorrect pin number has been entered for the password reset',
  PRIMARY KEY (`usrId`),
  UNIQUE KEY `idx_usr_username` (`username`),
  UNIQUE KEY `idx_usr_email` (`email`(191))
) ENGINE=InnoDB AUTO_INCREMENT=8 DEFAULT CHARSET=utf8mb4;

-- Dumping data for table wellrestd.usr: ~3 rows (approximately)
/*!40000 ALTER TABLE `usr` DISABLE KEYS */;
INSERT INTO `usr` (`usrId`, `usrType`, `username`, `email`, `password`, `firstName`, `lastName`, `newPasswordPin`, `newPassword`, `deleted`, `numLoginAttempts`, `lastLoginAttempt`, `numPinAttempts`) VALUES
	(1, 0, 'admin', 'admin@example.com', '$2y$12$DyyWvN8Wc92LnTFi4EyPDe7CjyOBvJ87NxBRzQMYptiOWRk6c7A.a', 'Administrator', 'Administrator', 49093070, '$2y$12$WjvFsREj2219xXSL1pHbWeau4qnFNjAr1ex8P2qV3JXLu3Q.zE8BC', 0, 0, '2018-02-20 07:53:24', 2),
	(2, 0, 'achapman', 'andy@andychapman.net', '$2y$12$thNy0ebbN0r6lzKf37.rxewIHVtOrh37dFN3h6PhGM2kL01d1EL2i', 'Andrew', 'Chapman', NULL, NULL, 0, 0, NULL, 0),
	(7, 0, 'andyc', 'andy@chapmandigital.co.uk', '$2y$12$C1tqj.KR0MDiRXiSpqVp8uxIWcujhyqDoT/5exjXG3DxmEkWIWETW', 'Andy', 'Chapman', NULL, NULL, 0, 0, '2018-02-21 23:39:08', 1);
/*!40000 ALTER TABLE `usr` ENABLE KEYS */;

/*!40101 SET SQL_MODE=IFNULL(@OLD_SQL_MODE, '') */;
/*!40014 SET FOREIGN_KEY_CHECKS=IF(@OLD_FOREIGN_KEY_CHECKS IS NULL, 1, @OLD_FOREIGN_KEY_CHECKS) */;
/*!40101 SET CHARACTER_SET_CLIENT=@OLD_CHARACTER_SET_CLIENT */;
